driverId,driverRef,number,code,forename,surname,dob,nationality,url
1,hamilton,44,HAM,Lewis,Hamilton,1/7/85,British,http://en.wikipedia.org/wiki/Lewis_Hamilton
2,heidfeld,\N,HEI,Nick,Heidfeld,5/10/77,German,http://en.wikipedia.org/wiki/Nick_Heidfeld
3,rosberg,6,ROS,Nico,Rosberg,6/27/85,German,http://en.wikipedia.org/wiki/Nico_Rosberg
4,alonso,14,ALO,Fernando,Alonso,7/29/81,Spanish,http://en.wikipedia.org/wiki/Fernando_Alonso
5,kovalainen,\N,KOV,Heikki,Kovalainen,10/19/81,Finnish,http://en.wikipedia.org/wiki/Heikki_Kovalainen
6,nakajima,\N,NAK,Kazuki,Nakajima,1/11/85,Japanese,http://en.wikipedia.org/wiki/Kazuki_Nakajima
7,bourdais,\N,BOU,Sebastien,Bourdais,2/28/79,French,http://en.wikipedia.org/wiki/S%C3%A9bastien_Bourdais
8,raikkonen,7,RAI,Kimi,Raikkonen,10/17/79,Finnish,http://en.wikipedia.org/wiki/Kimi_R%C3%A4ikk%C3%B6nen
9,kubica,88,KUB,Robert,Kubica,12/7/84,Polish,http://en.wikipedia.org/wiki/Robert_Kubica
10,glock,\N,GLO,Timo,Glock,3/18/82,German,http://en.wikipedia.org/wiki/Timo_Glock
11,sato,\N,SAT,Takuma,Sato,1/28/77,Japanese,http://en.wikipedia.org/wiki/Takuma_Sato
12,piquet_jr,\N,PIQ,Nelson,Piquet Jr,7/25/85,Brazilian,"http://en.wikipedia.org/wiki/Nelson_Piquet,_Jr."
13,massa,19,MAS,Felipe,Massa,4/25/81,Brazilian,http://en.wikipedia.org/wiki/Felipe_Massa
14,coulthard,\N,COU,David,Coulthard,3/27/71,British,http://en.wikipedia.org/wiki/David_Coulthard
15,trulli,\N,TRU,Jarno,Trulli,7/13/74,Italian,http://en.wikipedia.org/wiki/Jarno_Trulli
16,sutil,99,SUT,Adrian,Sutil,1/11/83,German,http://en.wikipedia.org/wiki/Adrian_Sutil
17,webber,\N,WEB,Mark,Webber,8/27/76,Australian,http://en.wikipedia.org/wiki/Mark_Webber_(racing_driver)
18,button,22,BUT,Jenson,Button,1/19/80,British,http://en.wikipedia.org/wiki/Jenson_Button
19,davidson,\N,DAV,Anthony,Davidson,4/18/79,British,http://en.wikipedia.org/wiki/Anthony_Davidson
20,vettel,5,VET,Sebastian,Vettel,7/3/87,German,http://en.wikipedia.org/wiki/Sebastian_Vettel
21,fisichella,\N,FIS,Giancarlo,Fisichella,1/14/73,Italian,http://en.wikipedia.org/wiki/Giancarlo_Fisichella
22,barrichello,\N,BAR,Rubens,Barrichello,5/23/72,Brazilian,http://en.wikipedia.org/wiki/Rubens_Barrichello
23,ralf_schumacher,\N,SCH,Ralf,Schumacher,6/30/75,German,http://en.wikipedia.org/wiki/Ralf_Schumacher
24,liuzzi,\N,LIU,Vitantonio,Liuzzi,8/6/80,Italian,http://en.wikipedia.org/wiki/Vitantonio_Liuzzi
25,wurz,\N,WUR,Alexander,Wurz,2/15/74,Austrian,http://en.wikipedia.org/wiki/Alexander_Wurz
26,speed,\N,SPE,Scott,Speed,1/24/83,American,http://en.wikipedia.org/wiki/Scott_Speed
27,albers,\N,ALB,Christijan,Albers,4/16/79,Dutch,http://en.wikipedia.org/wiki/Christijan_Albers
28,markus_winkelhock,\N,WIN,Markus,Winkelhock,6/13/80,German,http://en.wikipedia.org/wiki/Markus_Winkelhock
29,yamamoto,\N,YAM,Sakon,Yamamoto,7/9/82,Japanese,http://en.wikipedia.org/wiki/Sakon_Yamamoto
30,michael_schumacher,\N,MSC,Michael,Schumacher,1/3/69,German,http://en.wikipedia.org/wiki/Michael_Schumacher
31,montoya,\N,MON,Juan,Pablo Montoya,9/20/75,Colombian,http://en.wikipedia.org/wiki/Juan_Pablo_Montoya
32,klien,\N,KLI,Christian,Klien,2/7/83,Austrian,http://en.wikipedia.org/wiki/Christian_Klien
33,monteiro,\N,TMO,Tiago,Monteiro,7/24/76,Portuguese,http://en.wikipedia.org/wiki/Tiago_Monteiro
34,ide,\N,IDE,Yuji,Ide,1/21/75,Japanese,http://en.wikipedia.org/wiki/Yuji_Ide
35,villeneuve,\N,VIL,Jacques,Villeneuve,4/9/71,Canadian,http://en.wikipedia.org/wiki/Jacques_Villeneuve
36,montagny,\N,FMO,Franck,Montagny,1/5/78,French,http://en.wikipedia.org/wiki/Franck_Montagny
37,rosa,\N,DLR,Pedro,de la Rosa,2/24/71,Spanish,http://en.wikipedia.org/wiki/Pedro_de_la_Rosa
38,doornbos,\N,DOO,Robert,Doornbos,9/23/81,Dutch,http://en.wikipedia.org/wiki/Robert_Doornbos
39,karthikeyan,\N,KAR,Narain,Karthikeyan,1/14/77,Indian,http://en.wikipedia.org/wiki/Narain_Karthikeyan
40,friesacher,\N,FRI,Patrick,Friesacher,9/26/80,Austrian,http://en.wikipedia.org/wiki/Patrick_Friesacher
41,zonta,\N,ZON,Ricardo,Zonta,3/23/76,Brazilian,http://en.wikipedia.org/wiki/Ricardo_Zonta
42,pizzonia,\N,PIZ,Antônio,Pizzonia,9/11/80,Brazilian,http://en.wikipedia.org/wiki/Ant%C3%B4nio_Pizzonia
43,matta,\N,\N,Cristiano,da Matta,9/19/73,Brazilian,http://en.wikipedia.org/wiki/Cristiano_da_Matta
44,panis,\N,\N,Olivier,Panis,9/2/66,French,http://en.wikipedia.org/wiki/Olivier_Panis
45,pantano,\N,\N,Giorgio,Pantano,2/4/79,Italian,http://en.wikipedia.org/wiki/Giorgio_Pantano
46,bruni,\N,\N,Gianmaria,Bruni,5/30/81,Italian,http://en.wikipedia.org/wiki/Gianmaria_Bruni
47,baumgartner,\N,\N,Zsolt,Baumgartner,1/1/81,Hungarian,http://en.wikipedia.org/wiki/Zsolt_Baumgartner
48,gene,\N,\N,Marc,Gene,3/29/74,Spanish,http://en.wikipedia.org/wiki/Marc_Gen%C3%A9
49,frentzen,\N,\N,Heinz-Harald,Frentzen,5/18/67,German,http://en.wikipedia.org/wiki/Heinz-Harald_Frentzen
50,verstappen,\N,\N,Jos,Verstappen,3/4/72,Dutch,http://en.wikipedia.org/wiki/Jos_Verstappen
51,wilson,\N,\N,Justin,Wilson,7/31/78,British,http://en.wikipedia.org/wiki/Justin_Wilson_(racing_driver)
52,firman,\N,\N,Ralph,Firman,5/20/75,Irish,http://en.wikipedia.org/wiki/Ralph_Firman
53,kiesa,\N,\N,Nicolas,Kiesa,3/3/78,Danish,http://en.wikipedia.org/wiki/Nicolas_Kiesa
54,burti,\N,\N,Luciano,Burti,3/5/75,Brazilian,http://en.wikipedia.org/wiki/Luciano_Burti
55,alesi,\N,\N,Jean,Alesi,6/11/64,French,http://en.wikipedia.org/wiki/Jean_Alesi
56,irvine,\N,\N,Eddie,Irvine,11/10/65,British,http://en.wikipedia.org/wiki/Eddie_Irvine
57,hakkinen,\N,\N,Mika,Häkkinen,9/28/68,Finnish,http://en.wikipedia.org/wiki/Mika_H%C3%A4kkinen
58,marques,\N,\N,Tarso,Marques,1/19/76,Brazilian,http://en.wikipedia.org/wiki/Tarso_Marques
59,bernoldi,\N,\N,Enrique,Bernoldi,10/19/78,Brazilian,http://en.wikipedia.org/wiki/Enrique_Bernoldi
60,mazzacane,\N,\N,Gaston,Mazzacane,5/8/75,Argentine,http://en.wikipedia.org/wiki/Gast%C3%B3n_Mazzacane
61,enge,\N,\N,Tomas,Enge,9/11/76,Czech,http://en.wikipedia.org/wiki/Tom%C3%A1%C5%A1_Enge
62,yoong,\N,\N,Alex,Yoong,7/20/76,Malaysian,http://en.wikipedia.org/wiki/Alex_Yoong
63,salo,\N,\N,Mika,Salo,11/30/66,Finnish,http://en.wikipedia.org/wiki/Mika_Salo
64,diniz,\N,\N,Pedro,Diniz,5/22/70,Brazilian,http://en.wikipedia.org/wiki/Pedro_Diniz
65,herbert,\N,\N,Johnny,Herbert,6/25/64,British,http://en.wikipedia.org/wiki/Johnny_Herbert
66,mcnish,\N,\N,Allan,McNish,12/29/69,British,http://en.wikipedia.org/wiki/Allan_McNish
67,buemi,\N,BUE,Sebastien,Buemi,10/31/88,Swiss,http://en.wikipedia.org/wiki/S%C3%A9bastien_Buemi
68,takagi,\N,\N,Toranosuke,Takagi,2/12/74,Japanese,http://en.wikipedia.org/wiki/Toranosuke_Takagi
69,badoer,\N,BAD,Luca,Badoer,1/25/71,Italian,http://en.wikipedia.org/wiki/Luca_Badoer
70,zanardi,\N,\N,Alessandro,Zanardi,10/23/66,Italian,http://en.wikipedia.org/wiki/Alex_Zanardi
71,damon_hill,\N,\N,Damon,Hill,9/17/60,British,http://en.wikipedia.org/wiki/Damon_Hill
72,sarrazin,\N,\N,Stephane,Sarrazin,11/2/75,French,http://en.wikipedia.org/wiki/St%C3%A9phane_Sarrazin
73,rosset,\N,\N,Ricardo,Rosset,7/27/68,Brazilian,http://en.wikipedia.org/wiki/Ricardo_Rosset
74,tuero,\N,\N,Esteban,Tuero,4/22/78,Argentine,http://en.wikipedia.org/wiki/Esteban_Tuero
75,nakano,\N,\N,Shinji,Nakano,4/1/71,Japanese,http://en.wikipedia.org/wiki/Shinji_Nakano
76,magnussen,\N,MAG,Jan,Magnussen,7/4/73,Danish,http://en.wikipedia.org/wiki/Jan_Magnussen
77,berger,\N,\N,Gerhard,Berger,8/27/59,Austrian,http://en.wikipedia.org/wiki/Gerhard_Berger
78,larini,\N,\N,Nicola,Larini,3/19/64,Italian,http://en.wikipedia.org/wiki/Nicola_Larini
79,katayama,\N,\N,Ukyo,Katayama,5/29/63,Japanese,http://en.wikipedia.org/wiki/Ukyo_Katayama
80,sospiri,\N,\N,Vincenzo,Sospiri,10/7/66,Italian,http://en.wikipedia.org/wiki/Vincenzo_Sospiri
81,morbidelli,\N,\N,Gianni,Morbidelli,1/13/68,Italian,http://en.wikipedia.org/wiki/Gianni_Morbidelli
82,fontana,\N,\N,Norberto,Fontana,1/20/75,Argentine,http://en.wikipedia.org/wiki/Norberto_Fontana
83,lamy,\N,\N,Pedro,Lamy,3/20/72,Portuguese,http://en.wikipedia.org/wiki/Pedro_Lamy
84,brundle,\N,\N,Martin,Brundle,6/1/59,British,http://en.wikipedia.org/wiki/Martin_Brundle
85,montermini,\N,\N,Andrea,Montermini,5/30/64,Italian,http://en.wikipedia.org/wiki/Andrea_Montermini
86,lavaggi,\N,\N,Giovanni,Lavaggi,2/18/58,Italian,http://en.wikipedia.org/wiki/Giovanni_Lavaggi
87,blundell,\N,\N,Mark,Blundell,4/8/66,British,http://en.wikipedia.org/wiki/Mark_Blundell
88,suzuki,\N,\N,Aguri,Suzuki,9/8/60,Japanese,http://en.wikipedia.org/wiki/Aguri_Suzuki
89,inoue,\N,\N,Taki,Inoue,9/5/63,Japanese,http://en.wikipedia.org/wiki/Taki_Inoue
90,moreno,\N,\N,Roberto,Moreno,2/11/59,Brazilian,http://en.wikipedia.org/wiki/Roberto_Moreno
91,wendlinger,\N,\N,Karl,Wendlinger,12/20/68,Austrian,http://en.wikipedia.org/wiki/Karl_Wendlinger
92,gachot,\N,\N,Bertrand,Gachot,12/23/62,Belgian,http://en.wikipedia.org/wiki/Bertrand_Gachot
93,schiattarella,\N,\N,Domenico,Schiattarella,11/17/67,Italian,http://en.wikipedia.org/wiki/Domenico_Schiattarella
94,martini,\N,\N,Pierluigi,Martini,4/23/61,Italian,http://en.wikipedia.org/wiki/Pierluigi_Martini
95,mansell,\N,\N,Nigel,Mansell,8/8/53,British,http://en.wikipedia.org/wiki/Nigel_Mansell
96,boullion,\N,\N,Jean-Christophe,Boullion,12/27/69,French,http://en.wikipedia.org/wiki/Jean-Christophe_Boullion
97,papis,\N,\N,Massimiliano,Papis,10/3/69,Italian,http://en.wikipedia.org/wiki/Massimiliano_Papis
98,deletraz,\N,\N,Jean-Denis,Deketraz,10/1/63,Swiss,http://en.wikipedia.org/wiki/Jean-Denis_Deletraz
99,tarquini,\N,\N,Gabriele,Tarquini,3/2/62,Italian,http://en.wikipedia.org/wiki/Gabriele_Tarquini
100,comas,\N,\N,Érik,Comas,9/28/63,French,http://en.wikipedia.org/wiki/%C3%89rik_Comas
101,brabham,\N,\N,David,Brabham,9/5/65,Australian,http://en.wikipedia.org/wiki/David_Brabham
102,senna,\N,\N,Ayrton,Senna,3/21/60,Brazilian,http://en.wikipedia.org/wiki/Ayrton_Senna
103,bernard,\N,\N,Éric,Bernard,8/24/64,French,http://en.wikipedia.org/wiki/%C3%89ric_Bernard
104,fittipaldi,\N,\N,Christian,Fittipaldi,1/18/71,Brazilian,http://en.wikipedia.org/wiki/Christian_Fittipaldi
105,alboreto,\N,\N,Michele,Alboreto,12/23/56,Italian,http://en.wikipedia.org/wiki/Michele_Alboreto
106,beretta,\N,\N,Olivier,Beretta,11/23/69,Monegasque,http://en.wikipedia.org/wiki/Olivier_Beretta
107,ratzenberger,\N,\N,Roland,Ratzenberger,7/4/60,Austrian,http://en.wikipedia.org/wiki/Roland_Ratzenberger
108,belmondo,\N,\N,Paul,Belmondo,4/23/63,French,http://en.wikipedia.org/wiki/Paul_Belmondo
109,lehto,\N,\N,Jyrki,Lehto,1/31/66,Finnish,http://en.wikipedia.org/wiki/Jyrki_J%C3%A4rvilehto
110,cesaris,\N,\N,Andrea,de Cesaris,5/31/59,Italian,http://en.wikipedia.org/wiki/Andrea_de_Cesaris
111,gounon,\N,\N,Jean-Marc,Gounon,1/1/63,French,http://en.wikipedia.org/wiki/Jean-Marc_Gounon
112,alliot,\N,\N,Philippe,Alliot,7/27/54,French,http://en.wikipedia.org/wiki/Philippe_Alliot
113,adams,\N,\N,Philippe,Adams,11/19/69,Belgian,http://en.wikipedia.org/wiki/Philippe_Adams
114,dalmas,\N,\N,Yannick,Dalmas,7/28/61,French,http://en.wikipedia.org/wiki/Yannick_Dalmas
115,noda,\N,\N,Hideki,Noda,3/7/69,Japanese,http://en.wikipedia.org/wiki/Hideki_Noda
116,lagorce,\N,\N,Franck,Lagorce,9/1/68,French,http://en.wikipedia.org/wiki/Franck_Lagorce
117,prost,\N,\N,Alain,Prost,2/24/55,French,http://en.wikipedia.org/wiki/Alain_Prost
118,warwick,\N,\N,Derek,Warwick,8/27/54,British,http://en.wikipedia.org/wiki/Derek_Warwick
119,patrese,\N,\N,Riccardo,Patrese,4/17/54,Italian,http://en.wikipedia.org/wiki/Riccardo_Patrese
120,barbazza,\N,\N,Fabrizio,Barbazza,4/2/63,Italian,http://en.wikipedia.org/wiki/Fabrizio_Barbazza
121,andretti,\N,\N,Michael,Andretti,10/5/62,American,http://en.wikipedia.org/wiki/Michael_Andretti
122,capelli,\N,\N,Ivan,Capelli,5/24/63,Italian,http://en.wikipedia.org/wiki/Ivan_Capelli
123,boutsen,\N,\N,Thierry,Boutsen,7/13/57,Belgian,http://en.wikipedia.org/wiki/Thierry_Boutsen
124,apicella,\N,\N,Marco,Apicella,10/7/65,Italian,http://en.wikipedia.org/wiki/Marco_Apicella
125,naspetti,\N,\N,Emanuele,Naspetti,2/24/68,Italian,http://en.wikipedia.org/wiki/Emanuele_Naspetti
126,toshio_suzuki,\N,\N,Toshio,Suzuki,3/10/55,Japanese,http://en.wikipedia.org/wiki/Toshio_Suzuki_(driver)
127,gugelmin,\N,\N,Mauricio,Gugelmin,4/20/63,Brazilian,http://en.wikipedia.org/wiki/Maur%C3%ADcio_Gugelmin
128,poele,\N,\N,Eric,van de Poele,9/30/61,Belgian,http://en.wikipedia.org/wiki/Eric_van_de_Poele
129,grouillard,\N,\N,Olivier,Grouillard,9/2/58,French,http://en.wikipedia.org/wiki/Olivier_Grouillard
130,chiesa,\N,\N,Andrea,Chiesa,5/6/64,Swiss,http://en.wikipedia.org/wiki/Andrea_Chiesa
131,modena,\N,\N,Stefano,Modena,5/12/63,Italian,http://en.wikipedia.org/wiki/Stefano_Modena
132,amati,\N,\N,Giovanna,Amati,7/20/59,Italian,http://en.wikipedia.org/wiki/Giovanna_Amati
133,caffi,\N,\N,Alex,Caffi,3/18/64,Italian,http://en.wikipedia.org/wiki/Alex_Caffi
134,bertaggia,\N,\N,Enrico,Bertaggia,9/19/64,Italian,http://en.wikipedia.org/wiki/Enrico_Bertaggia
135,mccarthy,\N,\N,Perry,McCarthy,3/3/61,British,http://en.wikipedia.org/wiki/Perry_McCarthy
136,lammers,\N,\N,Jan,Lammers,6/2/56,Dutch,http://en.wikipedia.org/wiki/Jan_Lammers
137,piquet,\N,\N,Nelson,Piquet,8/17/52,Brazilian,http://en.wikipedia.org/wiki/Nelson_Piquet
138,satoru_nakajima,\N,\N,Satoru,Nakajima,2/23/53,Japanese,http://en.wikipedia.org/wiki/Satoru_Nakajima
139,pirro,\N,\N,Emanuele,Pirro,1/12/62,Italian,http://en.wikipedia.org/wiki/Emanuele_Pirro
140,johansson,\N,\N,Stefan,Johansson,9/8/56,Swedish,http://en.wikipedia.org/wiki/Stefan_Johansson
141,bailey,\N,\N,Julian,Bailey,10/9/61,British,http://en.wikipedia.org/wiki/Julian_Bailey
142,chaves,\N,\N,Pedro,Chaves,2/27/65,Portuguese,http://en.wikipedia.org/wiki/Pedro_Chaves
143,bartels,\N,\N,Michael,Bartels,3/8/68,German,http://en.wikipedia.org/wiki/Michael_Bartels
144,hattori,\N,\N,Naoki,Hattori,6/13/66,Japanese,http://en.wikipedia.org/wiki/Naoki_Hattori
145,nannini,\N,\N,Alessandro,Nannini,7/7/59,Italian,http://en.wikipedia.org/wiki/Alessandro_Nannini
146,schneider,\N,\N,Bernd,Schneider,7/20/64,German,http://en.wikipedia.org/wiki/Bernd_Schneider_(racecar_driver)
147,barilla,\N,\N,Paolo,Barilla,4/20/61,Italian,http://en.wikipedia.org/wiki/Paolo_Barilla
148,foitek,\N,\N,Gregor,Foitek,3/27/65,Swiss,http://en.wikipedia.org/wiki/Gregor_Foitek
149,langes,\N,\N,Claudio,Langes,7/20/60,Italian,http://en.wikipedia.org/wiki/Claudio_Langes
150,gary_brabham,\N,\N,Gary,Brabham,3/29/61,Australian,http://en.wikipedia.org/wiki/Gary_Brabham
151,donnelly,\N,\N,Martin,Donnelly,3/26/64,British,http://en.wikipedia.org/wiki/Martin_Donnelly_(racing_driver)
152,giacomelli,\N,\N,Bruno,Giacomelli,9/10/52,Italian,http://en.wikipedia.org/wiki/Bruno_Giacomelli
153,alguersuari,\N,ALG,Jaime,Alguersuari,3/23/90,Spanish,http://en.wikipedia.org/wiki/Jaime_Alguersuari
154,grosjean,8,GRO,Romain,Grosjean,4/17/86,French,http://en.wikipedia.org/wiki/Romain_Grosjean
155,kobayashi,10,KOB,Kamui,Kobayashi,9/13/86,Japanese,http://en.wikipedia.org/wiki/Kamui_Kobayashi
156,palmer,\N,\N,Jonathan,Palmer,11/7/56,British,http://en.wikipedia.org/wiki/Jonathan_Palmer
157,danner,\N,\N,Christian,Danner,4/4/58,German,http://en.wikipedia.org/wiki/Christian_Danner
158,cheever,\N,\N,Eddie,Cheever,1/10/58,American,http://en.wikipedia.org/wiki/Eddie_Cheever
159,sala,\N,\N,Luis,Perez-Sala,5/15/59,Spanish,http://en.wikipedia.org/wiki/Luis_Perez-Sala
160,ghinzani,\N,\N,Piercarlo,Ghinzani,1/16/52,Italian,http://en.wikipedia.org/wiki/Piercarlo_Ghinzani
161,weidler,\N,\N,Volker,Weidler,3/18/62,German,http://en.wikipedia.org/wiki/Volker_Weidler
162,raphanel,\N,\N,Pierre-Henri,Raphanel,5/27/61,French,http://en.wikipedia.org/wiki/Pierre-Henri_Raphanel
163,arnoux,\N,\N,René,Arnoux,7/4/48,French,http://en.wikipedia.org/wiki/Ren%C3%A9_Arnoux
164,joachim_winkelhock,\N,\N,Joachim,Winkelhock,10/24/60,German,http://en.wikipedia.org/wiki/Joachim_Winkelhock
165,larrauri,\N,\N,Oscar,Larrauri,8/19/54,Argentine,http://en.wikipedia.org/wiki/Oscar_Larrauri
166,streiff,\N,\N,Philippe,Streiff,6/26/55,French,http://en.wikipedia.org/wiki/Philippe_Streiff
167,campos,\N,\N,Adrian,Campos,6/17/60,Spanish,http://en.wikipedia.org/wiki/Adri%C3%A1n_Campos
168,schlesser,\N,\N,Jean-Louis,Schlesser,9/12/48,French,http://en.wikipedia.org/wiki/Jean-Louis_Schlesser
169,fabre,\N,\N,Pascal,Fabre,1/9/60,French,http://en.wikipedia.org/wiki/Pascal_Fabre
170,fabi,\N,\N,Teo,Fabi,3/9/55,Italian,http://en.wikipedia.org/wiki/Teo_Fabi
171,forini,\N,\N,Franco,Forini,9/22/58,Swiss,http://en.wikipedia.org/wiki/Franco_Forini
172,laffite,\N,\N,Jacques,Laffite,11/21/43,French,http://en.wikipedia.org/wiki/Jacques_Laffite
173,angelis,\N,\N,Elio,De Angelis,3/26/58,Italian,http://en.wikipedia.org/wiki/Elio_de_Angelis
174,dumfries,\N,\N,Johnny,Dumfries,4/26/58,British,http://en.wikipedia.org/wiki/Johnny_Dumfries
175,tambay,\N,\N,Patrick,Tambay,6/25/49,French,http://en.wikipedia.org/wiki/Patrick_Tambay
176,surer,\N,\N,Marc,Surer,9/18/51,Swiss,http://en.wikipedia.org/wiki/Marc_Surer
177,keke_rosberg,\N,\N,Keke,Rosberg,12/6/48,Finnish,http://en.wikipedia.org/wiki/Keke_Rosberg
178,jones,\N,\N,Alan,Jones,11/2/46,Australian,http://en.wikipedia.org/wiki/Alan_Jones_(Formula_1)
179,rothengatter,\N,\N,Huub,Rothengatter,10/8/54,Dutch,http://en.wikipedia.org/wiki/Huub_Rothengatter
180,berg,\N,\N,Allen,Berg,8/1/61,Canadian,http://en.wikipedia.org/wiki/Allen_Berg
181,manfred_winkelhock,\N,\N,Manfred,Winkelhock,10/6/51,German,http://en.wikipedia.org/wiki/Manfred_Winkelhock
182,lauda,\N,\N,Niki,Lauda,2/22/49,Austrian,http://en.wikipedia.org/wiki/Niki_Lauda
183,hesnault,\N,\N,Francois,Hesnault,12/30/56,French,http://en.wikipedia.org/wiki/Fran%C3%A7ois_Hesnault
184,baldi,\N,\N,Mauro,Baldi,1/31/54,Italian,http://en.wikipedia.org/wiki/Mauro_Baldi
185,bellof,\N,\N,Stefan,Bellof,11/20/57,German,http://en.wikipedia.org/wiki/Stefan_Bellof
186,acheson,\N,\N,Kenny,Acheson,11/27/57,British,http://en.wikipedia.org/wiki/Kenny_Acheson
187,watson,\N,\N,John,Watson,5/4/46,British,http://en.wikipedia.org/wiki/John_Watson_(racing_driver)
188,cecotto,\N,\N,Johnny,Cecotto,1/25/56,Venezuelan,http://en.wikipedia.org/wiki/Johnny_Cecotto
189,gartner,\N,\N,Jo,Gartner,1/24/54,Austrian,http://en.wikipedia.org/wiki/Jo_Gartner
190,corrado_fabi,\N,\N,Corrado,Fabi,4/12/61,Italian,http://en.wikipedia.org/wiki/Corrado_Fabi
191,thackwell,\N,\N,Mike,Thackwell,3/30/61,New Zealander,http://en.wikipedia.org/wiki/Mike_Thackwell
192,serra,\N,\N,Chico,Serra,2/3/57,Brazilian,http://en.wikipedia.org/wiki/Chico_Serra
193,sullivan,\N,\N,Danny,Sullivan,3/9/50,American,http://en.wikipedia.org/wiki/Danny_Sullivan
194,salazar,\N,\N,Eliseo,Salazar,11/14/54,Chilean,http://en.wikipedia.org/wiki/Eliseo_Salazar
195,guerrero,\N,\N,Roberto,Guerrero,11/16/58,Colombian,http://en.wikipedia.org/wiki/Roberto_Guerrero
196,boesel,\N,\N,Raul,Boesel,12/4/57,Brazilian,http://en.wikipedia.org/wiki/Raul_Boesel
197,jarier,\N,\N,Jean-Pierre,Jarier,7/10/46,French,http://en.wikipedia.org/wiki/Jean-Pierre_Jarier
198,villeneuve_sr,\N,\N,Jacques,Villeneuve Sr.,11/4/53,Canadian,http://en.wikipedia.org/wiki/Jacques_Villeneuve_(elder)
199,reutemann,\N,\N,Carlos,Reutemann,4/12/42,Argentine,http://en.wikipedia.org/wiki/Carlos_Reutemann
200,mass,\N,\N,Jochen,Mass,9/30/46,German,http://en.wikipedia.org/wiki/Jochen_Mass
201,borgudd,\N,\N,Slim,Borgudd,11/25/46,Swedish,http://en.wikipedia.org/wiki/Slim_Borgudd
202,pironi,\N,\N,Didier,Pironi,3/26/52,French,http://en.wikipedia.org/wiki/Didier_Pironi
203,gilles_villeneuve,\N,\N,Gilles,Villeneuve,1/18/50,Canadian,http://en.wikipedia.org/wiki/Gilles_Villeneuve
204,paletti,\N,\N,Riccardo,Paletti,6/15/58,Italian,http://en.wikipedia.org/wiki/Riccardo_Paletti
205,henton,\N,\N,Brian,Henton,9/19/46,British,http://en.wikipedia.org/wiki/Brian_Henton
206,daly,\N,\N,Derek,Daly,3/11/53,Irish,http://en.wikipedia.org/wiki/Derek_Daly
207,mario_andretti,\N,\N,Mario,Andretti,2/28/40,American,http://en.wikipedia.org/wiki/Mario_Andretti
208,villota,\N,\N,Emilio,De Villota,7/26/46,Spanish,http://en.wikipedia.org/wiki/Emilio_de_Villota
209,lees,\N,\N,Geoff,Lees,5/1/51,British,http://en.wikipedia.org/wiki/Geoff_Lees
210,byrne,\N,\N,Tommy,Byrne,5/6/58,Irish,http://en.wikipedia.org/wiki/Tommy_Byrne_%28racing_driver%29
211,keegan,\N,\N,Rupert,Keegan,2/26/55,British,http://en.wikipedia.org/wiki/Rupert_Keegan
212,rebaque,\N,\N,Hector,Rebaque,2/5/56,Mexican,http://en.wikipedia.org/wiki/Hector_Rebaque
213,gabbiani,\N,\N,Beppe,Gabbiani,1/2/57,Italian,http://en.wikipedia.org/wiki/Beppe_Gabbiani
214,cogan,\N,\N,Kevin,Cogan,3/31/56,American,http://en.wikipedia.org/wiki/Kevin_Cogan
215,guerra,\N,\N,Miguel Ángel,Guerra,8/31/53,Argentine,http://en.wikipedia.org/wiki/Miguel_Angel_Guerra
216,stohr,\N,\N,Siegfried,Stohr,10/10/52,Italian,http://en.wikipedia.org/wiki/Siegfried_Stohr
217,zunino,\N,\N,Ricardo,Zunino,4/13/49,Argentine,http://en.wikipedia.org/wiki/Ricardo_Zunino
218,londono,\N,\N,Ricardo,Londoño,8/8/49,Colombian,http://en.wikipedia.org/wiki/Ricardo_Londo%C3%B1o
219,jabouille,\N,\N,Jean-Pierre,Jabouille,10/1/42,French,http://en.wikipedia.org/wiki/Jean-Pierre_Jabouille
220,francia,\N,\N,Giorgio,Francia,11/8/47,Italian,http://en.wikipedia.org/wiki/Giorgio_Francia
221,depailler,\N,\N,Patrick,Depailler,8/9/44,French,http://en.wikipedia.org/wiki/Patrick_Depailler
222,scheckter,\N,\N,Jody,Scheckter,1/29/50,South African,http://en.wikipedia.org/wiki/Jody_Scheckter
223,regazzoni,\N,\N,Clay,Regazzoni,9/5/39,Swiss,http://en.wikipedia.org/wiki/Clay_Regazzoni
224,emerson_fittipaldi,\N,\N,Emerson,Fittipaldi,12/12/46,Brazilian,http://en.wikipedia.org/wiki/Emerson_Fittipaldi
225,kennedy,\N,\N,Dave,Kennedy,1/15/53,Irish,http://en.wikipedia.org/wiki/David_Kennedy_(racing_driver)
226,south,\N,\N,Stephen,South,2/19/52,British,http://en.wikipedia.org/wiki/Stephen_South
227,needell,\N,\N,Tiff,Needell,10/29/51,British,http://en.wikipedia.org/wiki/Tiff_Needell
228,desire_wilson,\N,\N,Desire,Wilson,11/26/53,South African,http://en.wikipedia.org/wiki/Desir%C3%A9_Wilson
229,ertl,\N,\N,Harald,Ertl,8/31/48,Austrian,http://en.wikipedia.org/wiki/Harald_Ertl
230,brambilla,\N,\N,Vittorio,Brambilla,11/11/37,Italian,http://en.wikipedia.org/wiki/Vittorio_Brambilla
231,hunt,\N,\N,James,Hunt,8/29/47,British,http://en.wikipedia.org/wiki/James_Hunt
232,merzario,\N,\N,Arturo,Merzario,3/11/43,Italian,http://en.wikipedia.org/wiki/Arturo_Merzario
233,stuck,\N,\N,Hans-Joachim,Stuck,1/1/51,German,http://en.wikipedia.org/wiki/Hans_Joachim_Stuck
234,brancatelli,\N,\N,Gianfranco,Brancatelli,1/18/50,Italian,http://en.wikipedia.org/wiki/Gianfranco_Brancatelli
235,ickx,\N,\N,Jacky,Ickx,1/1/45,Belgian,http://en.wikipedia.org/wiki/Jacky_Ickx
236,gaillard,\N,\N,Patrick,Gaillard,2/12/52,French,http://en.wikipedia.org/wiki/Patrick_Gaillard
237,ribeiro,\N,\N,Alex,Ribeiro,11/7/48,Brazilian,http://en.wikipedia.org/wiki/Alex_Ribeiro
238,peterson,\N,\N,Ronnie,Peterson,2/14/44,Swedish,http://en.wikipedia.org/wiki/Ronnie_Peterson
239,lunger,\N,\N,Brett,Lunger,11/14/45,American,http://en.wikipedia.org/wiki/Brett_Lunger
240,ongais,\N,\N,Danny,Ongais,5/21/42,American,http://en.wikipedia.org/wiki/Danny_Ongais
241,leoni,\N,\N,Lamberto,Leoni,5/24/53,Italian,http://en.wikipedia.org/wiki/Lamberto_Leoni
242,galica,\N,\N,Divina,Galica,8/13/44,British,http://en.wikipedia.org/wiki/Divina_Galica
243,stommelen,\N,\N,Rolf,Stommelen,7/11/43,German,http://en.wikipedia.org/wiki/Rolf_Stommelen
244,colombo,\N,\N,Alberto,Colombo,2/23/46,Italian,http://en.wikipedia.org/wiki/Alberto_Colombo
245,trimmer,\N,\N,Tony,Trimmer,1/24/43,British,http://en.wikipedia.org/wiki/Tony_Trimmer
246,binder,\N,\N,Hans,Binder,6/12/48,Austrian,http://en.wikipedia.org/wiki/Hans_Binder
247,bleekemolen,\N,\N,Michael,Bleekemolen,10/2/49,Dutch,http://en.wikipedia.org/wiki/Michael_Bleekemolen
248,gimax,\N,\N,Carlo,Franchi,1/1/38,Italian,http://en.wikipedia.org/wiki/Gimax
249,rahal,\N,\N,Bobby,Rahal,1/10/53,American,http://en.wikipedia.org/wiki/Bobby_Rahal
250,pace,\N,\N,Carlos,Pace,10/6/44,Brazilian,http://en.wikipedia.org/wiki/Carlos_Pace
251,ian_scheckter,\N,\N,Ian,Scheckter,8/22/47,South African,http://en.wikipedia.org/wiki/Ian_Scheckter
252,pryce,\N,\N,Tom,Pryce,6/11/49,British,http://en.wikipedia.org/wiki/Tom_Pryce
253,hoffmann,\N,\N,Ingo,Hoffmann,2/28/53,Brazilian,http://en.wikipedia.org/wiki/Ingo_Hoffmann
254,zorzi,\N,\N,Renzo,Zorzi,12/12/46,Italian,http://en.wikipedia.org/wiki/Renzo_Zorzi
255,nilsson,\N,\N,Gunnar,Nilsson,11/20/48,Swedish,http://en.wikipedia.org/wiki/Gunnar_Nilsson
256,perkins,\N,\N,Larry,Perkins,3/18/50,Australian,http://en.wikipedia.org/wiki/Larry_Perkins
257,hayje,\N,\N,Boy,Lunger,5/3/49,Dutch,http://en.wikipedia.org/wiki/Boy_Hayje
258,neve,\N,\N,Patrick,Neve,10/13/49,Belgian,http://en.wikipedia.org/wiki/Patrick_Neve
259,purley,\N,\N,David,Purley,1/26/45,British,http://en.wikipedia.org/wiki/David_Purley
260,andersson,\N,\N,Conny,Andersson,12/28/39,Swedish,http://en.wikipedia.org/wiki/Conny_Andersson_(racing_driver)
261,dryver,\N,\N,Bernard,De Dryver,9/19/52,Belgian,http://en.wikipedia.org/wiki/Bernard_de_Dryver
262,oliver,\N,\N,Jackie,Oliver,8/14/42,British,http://en.wikipedia.org/wiki/Jackie_Oliver
263,kozarowitzky,\N,\N,Mikko,Kozarowitzky,5/17/48,Finnish,http://en.wikipedia.org/wiki/Mikko_Kozarowitzky
264,sutcliffe,\N,\N,Andy,Sutcliffe,5/9/47,British,http://en.wikipedia.org/wiki/Andy_Sutcliffe
265,edwards,\N,\N,Guy,Edwards,12/30/42,British,http://en.wikipedia.org/wiki/Guy_Edwards
266,mcguire,\N,\N,Brian,McGuire,12/13/45,Australian,http://en.wikipedia.org/wiki/Brian_McGuire
267,schuppan,\N,\N,Vern,Schuppan,3/19/43,Australian,http://en.wikipedia.org/wiki/Vern_Schuppan
268,heyer,\N,\N,Hans,Heyer,3/16/43,German,http://en.wikipedia.org/wiki/Hans_Heyer
269,pilette,\N,\N,Teddy,Pilette,7/26/42,Belgian,http://en.wikipedia.org/wiki/Teddy_Pilette
270,ashley,\N,\N,Ian,Ashley,10/26/47,British,http://en.wikipedia.org/wiki/Ian_Ashley
271,kessel,\N,\N,Loris,Kessel,4/1/50,Swiss,http://en.wikipedia.org/wiki/Loris_Kessel
272,takahashi,\N,\N,Kunimitsu,Takahashi,1/29/40,Japanese,http://en.wikipedia.org/wiki/Kunimitsu_Takahashi
273,hoshino,\N,\N,Kazuyoshi,Hoshino,7/1/47,Japanese,http://en.wikipedia.org/wiki/Kazuyoshi_Hoshino
274,takahara,\N,\N,Noritake,Takahara,6/6/51,Japanese,http://en.wikipedia.org/wiki/Noritake_Takahara
275,lombardi,\N,\N,Lella,Lombardi,3/26/41,Italian,http://en.wikipedia.org/wiki/Lella_Lombardi
276,evans,\N,\N,Bob,Evans,6/11/47,British,http://en.wikipedia.org/wiki/Bob_Evans_(race_driver)
277,leclere,\N,\N,Michel,Leclere,3/18/46,French,http://en.wikipedia.org/wiki/Michel_Lecl%C3%A8re
278,amon,\N,\N,Chris,Amon,7/20/43,New Zealander,http://en.wikipedia.org/wiki/Chris_Amon
279,zapico,\N,\N,Emilio,Zapico,5/27/44,Spanish,http://en.wikipedia.org/wiki/Emilio_Zapico
280,pescarolo,\N,\N,Henri,Pescarolo,9/25/42,French,http://en.wikipedia.org/wiki/Henri_Pescarolo
281,nelleman,\N,\N,Jac,Nelleman,4/19/44,Danish,http://en.wikipedia.org/wiki/Jac_Nelleman
282,magee,\N,\N,Damien,Magee,11/17/45,British,http://en.wikipedia.org/wiki/Damien_Magee
283,wilds,\N,\N,Mike,Wilds,1/7/46,British,http://en.wikipedia.org/wiki/Mike_Wilds
284,pesenti_rossi,\N,\N,Alessandro,Pesenti-Rossi,8/31/42,Italian,http://en.wikipedia.org/wiki/Alessandro_Pesenti-Rossi
285,stuppacher,\N,\N,Otto,Stuppacher,3/3/47,Austrian,http://en.wikipedia.org/wiki/Otto_Stuppacher
286,brown,\N,\N,Warwick,Brown,12/24/49,Australian,http://en.wikipedia.org/wiki/Warwick_Brown
287,hasemi,\N,\N,Masahiro,Hasemi,11/13/45,Japanese,http://en.wikipedia.org/wiki/Masahiro_Hasemi
288,donohue,\N,\N,Mark,Donohue,3/18/37,American,http://en.wikipedia.org/wiki/Mark_Donohue
289,hill,\N,\N,Graham,Hill,2/15/29,British,http://en.wikipedia.org/wiki/Graham_Hill
290,wilson_fittipaldi,\N,\N,Wilson,Fittipaldi,12/25/43,Brazilian,http://en.wikipedia.org/wiki/Wilson_Fittipaldi
291,tunmer,\N,\N,Guy,Tunmer,12/1/48,South African,http://en.wikipedia.org/wiki/Guy_Tunmer
292,keizan,\N,\N,Eddie,Keizan,9/12/44,South African,http://en.wikipedia.org/wiki/Eddie_Keizan
293,charlton,\N,\N,Dave,Charlton,10/27/36,South African,http://en.wikipedia.org/wiki/Dave_Charlton
294,brise,\N,\N,Tony,Brise,3/28/52,British,http://en.wikipedia.org/wiki/Tony_Brise
295,wunderink,\N,\N,Roelof,Wunderink,12/12/48,Dutch,http://en.wikipedia.org/wiki/Roelof_Wunderink
296,migault,\N,\N,François,Migault,12/4/44,French,http://en.wikipedia.org/wiki/Fran%C3%A7ois_Migault
297,palm,\N,\N,Torsten,Palm,7/23/47,Swedish,http://en.wikipedia.org/wiki/Torsten_Palm
298,lennep,\N,\N,Gijs,van Lennep,3/16/42,Dutch,http://en.wikipedia.org/wiki/Gijs_Van_Lennep
299,fushida,\N,\N,Hiroshi,Fushida,3/10/46,Japanese,http://en.wikipedia.org/wiki/Hiroshi_Fushida
300,nicholson,\N,\N,John,Nicholson,10/6/41,New Zealander,http://en.wikipedia.org/wiki/John_Nicholson_(racing_driver)
301,morgan,\N,\N,Dave,Morgan,8/7/44,British,http://en.wikipedia.org/wiki/Dave_Morgan_(racing_driver)
302,crawford,\N,\N,Jim,Crawford,2/13/48,British,http://en.wikipedia.org/wiki/Jim_Crawford_(driver)
303,vonlanthen,\N,\N,Jo,Vonlanthen,5/31/42,Swiss,http://en.wikipedia.org/wiki/Jo_Vonlanthen
304,hulme,\N,\N,Denny,Hulme,6/18/36,New Zealander,http://en.wikipedia.org/wiki/Denny_Hulme
305,hailwood,\N,\N,Mike,Hailwood,4/2/40,British,http://en.wikipedia.org/wiki/Mike_Hailwood
306,beltoise,\N,\N,Jean-Pierre,Beltoise,4/26/37,French,http://en.wikipedia.org/wiki/Jean-Pierre_Beltoise
307,ganley,\N,\N,Howden,Ganley,12/24/41,New Zealander,http://en.wikipedia.org/wiki/Howden_Ganley
308,robarts,\N,\N,Richard,Robarts,9/22/44,British,http://en.wikipedia.org/wiki/Richard_Robarts
309,revson,\N,\N,Peter,Revson,2/27/39,American,http://en.wikipedia.org/wiki/Peter_Revson
310,driver,\N,\N,Paddy,Driver,5/13/34,South African,http://en.wikipedia.org/wiki/Paddy_Driver
311,belso,\N,\N,Tom,Belso,8/27/42,Danish,http://en.wikipedia.org/wiki/Tom_Bels%C3%B8
312,redman,\N,\N,Brian,Redman,3/9/37,British,http://en.wikipedia.org/wiki/Brian_Redman
313,opel,\N,\N,Rikky,Von Opel,10/14/47,Liechtensteiner,http://en.wikipedia.org/wiki/Rikky_von_Opel
314,schenken,\N,\N,Tim,Schenken,9/26/43,Australian,http://en.wikipedia.org/wiki/Tim_Schenken
315,larrousse,\N,\N,Gérard,Larrousse,5/23/40,French,http://en.wikipedia.org/wiki/G%C3%A9rard_Larrousse
316,kinnunen,\N,\N,Leo,Kinnunen,8/5/43,Finnish,http://en.wikipedia.org/wiki/Leo_Kinnunen
317,wisell,\N,\N,Reine,Wisell,9/30/41,Swedish,http://en.wikipedia.org/wiki/Reine_Wisell
318,roos,\N,\N,Bertil,Roos,10/12/43,Swedish,http://en.wikipedia.org/wiki/Bertil_Roos
319,dolhem,\N,\N,Jose,Dolhem,4/26/44,French,http://en.wikipedia.org/wiki/Jos%C3%A9_Dolhem
320,gethin,\N,\N,Peter,Gethin,2/21/40,British,http://en.wikipedia.org/wiki/Peter_Gethin
321,bell,\N,\N,Derek,Bell,10/31/41,British,http://en.wikipedia.org/wiki/Derek_Bell_(auto_racer)
322,hobbs,\N,\N,David,Hobbs,6/9/39,British,http://en.wikipedia.org/wiki/David_Hobbs_(racing_driver)
323,quester,\N,\N,Dieter,Quester,5/30/39,Austrian,http://en.wikipedia.org/wiki/Dieter_Quester
324,koinigg,\N,\N,Helmuth,Koinigg,11/3/48,Austrian,http://en.wikipedia.org/wiki/Helmuth_Koinigg
325,facetti,\N,\N,Carlo,Facetti,6/26/35,Italian,http://en.wikipedia.org/wiki/Carlo_Facetti
326,wietzes,\N,\N,Eppie,Wietzes,5/28/38,Canadian,http://en.wikipedia.org/wiki/Eppie_Wietzes
327,cevert,\N,\N,François,Cevert,2/25/44,French,http://en.wikipedia.org/wiki/Fran%C3%A7ois_Cevert
328,stewart,\N,\N,Jackie,Stewart,6/11/39,British,http://en.wikipedia.org/wiki/Jackie_Stewart
329,beuttler,\N,\N,Mike,Beuttler,4/13/40,British,http://en.wikipedia.org/wiki/Mike_Beuttler
330,galli,\N,\N,Nanni,Galli,10/2/40,Italian,http://en.wikipedia.org/wiki/Nanni_Galli
331,bueno,\N,\N,Luiz,Bueno,1/16/37,Brazilian,http://en.wikipedia.org/wiki/Luiz_Bueno
332,follmer,\N,\N,George,Follmer,1/27/34,American,http://en.wikipedia.org/wiki/George_Follmer
333,adamich,\N,\N,Andrea,de Adamich,10/3/41,Italian,http://en.wikipedia.org/wiki/Andrea_de_Adamich
334,pretorius,\N,\N,Jackie,Pretorius,11/22/34,South African,http://en.wikipedia.org/wiki/Jackie_Pretorius
335,williamson,\N,\N,Roger,Williamson,2/2/48,British,http://en.wikipedia.org/wiki/Roger_Williamson
336,mcrae,\N,\N,Graham,McRae,3/5/40,New Zealander,http://en.wikipedia.org/wiki/Graham_McRae
337,marko,\N,\N,Helmut,Marko,4/27/43,Austrian,http://en.wikipedia.org/wiki/Helmut_Marko
338,walker,\N,\N,David,Walker,6/10/41,Australian,http://en.wikipedia.org/wiki/David_Walker_(racing_driver)
339,roig,\N,\N,Alex,Soler-Roig,10/29/32,Spanish,http://en.wikipedia.org/wiki/Alex_Soler-Roig
340,love,\N,\N,John,Love,12/7/24,Rhodesian,http://en.wikipedia.org/wiki/John_Love_(racing_driver)
341,surtees,\N,\N,John,Surtees,2/11/34,British,http://en.wikipedia.org/wiki/John_Surtees
342,barber,\N,\N,Skip,Barber,11/16/36,American,http://en.wikipedia.org/wiki/Skip_Barber
343,brack,\N,\N,Bill,Brack,12/26/35,Canadian,http://en.wikipedia.org/wiki/Bill_Brack
344,posey,\N,\N,Sam,Posey,5/26/44,American,http://en.wikipedia.org/wiki/Sam_Posey
345,rodriguez,\N,\N,Pedro,Rodríguez,1/18/40,Mexican,http://en.wikipedia.org/wiki/Pedro_Rodr%C3%ADguez_(racing_driver)
346,siffert,\N,\N,Jo,Siffert,7/7/36,Swiss,http://en.wikipedia.org/wiki/Jo_Siffert
347,bonnier,\N,\N,Jo,Bonnier,1/31/30,Swedish,http://en.wikipedia.org/wiki/Joakim_Bonnier
348,mazet,\N,\N,François,Mazet,2/24/43,French,http://en.wikipedia.org/wiki/Fran%C3%A7ois_Mazet
349,jean,\N,\N,Max,Jean,7/27/43,French,http://en.wikipedia.org/wiki/Max_Jean
350,elford,\N,\N,Vic,Elford,6/10/35,British,http://en.wikipedia.org/wiki/Vic_Elford
351,moser,\N,\N,Silvio,Moser,4/24/41,Swiss,http://en.wikipedia.org/wiki/Silvio_Moser
352,eaton,\N,\N,George,Eaton,11/12/45,Canadian,http://en.wikipedia.org/wiki/George_Eaton
353,lovely,\N,\N,Pete,Lovely,4/11/26,American,http://en.wikipedia.org/wiki/Pete_Lovely
354,craft,\N,\N,Chris,Craft,11/17/39,British,http://en.wikipedia.org/wiki/Chris_Craft_(racing_driver)
355,Cannoc,\N,\N,John,Cannon,6/21/33,Canadian,http://en.wikipedia.org/wiki/John_Cannon_(auto_racer)
356,jack_brabham,\N,\N,Jack,Brabham,4/2/26,Australian,http://en.wikipedia.org/wiki/Jack_Brabham
357,miles,\N,\N,John,Miles,6/14/43,British,http://en.wikipedia.org/wiki/John_Miles_(auto_racer)
358,rindt,\N,\N,Jochen,Rindt,4/18/42,Austrian,http://en.wikipedia.org/wiki/Jochen_Rindt
359,gavin,\N,\N,Johnny,Servoz-Gavin,1/18/42,French,http://en.wikipedia.org/wiki/Johnny_Servoz-Gavin
360,mclaren,\N,\N,Bruce,McLaren,8/30/37,New Zealander,http://en.wikipedia.org/wiki/Bruce_McLaren
361,courage,\N,\N,Piers,Courage,5/27/42,British,http://en.wikipedia.org/wiki/Piers_Courage
362,klerk,\N,\N,Peter,de Klerk,3/16/35,South African,http://en.wikipedia.org/wiki/Peter_de_Klerk
363,giunti,\N,\N,Ignazio,Giunti,8/30/41,Italian,http://en.wikipedia.org/wiki/Ignazio_Giunti
364,gurney,\N,\N,Dan,Gurney,4/13/31,American,http://en.wikipedia.org/wiki/Dan_Gurney
365,hahne,\N,\N,Hubert,Hahne,3/28/35,German,http://en.wikipedia.org/wiki/Hubert_Hahne
366,hutchison,\N,\N,Gus,Hutchison,4/26/37,American,http://en.wikipedia.org/wiki/Gus_Hutchison
367,westbury,\N,\N,Peter,Westbury,5/26/38,British,http://en.wikipedia.org/wiki/Peter_Westbury
368,tingle,\N,\N,Sam,Tingle,8/24/21,Rhodesian,http://en.wikipedia.org/wiki/Sam_Tingle
369,rooyen,\N,\N,Basil,van Rooyen,4/19/39,South African,http://en.wikipedia.org/wiki/Basil_van_Rooyen
370,attwood,\N,\N,Richard,Attwood,4/4/40,British,http://en.wikipedia.org/wiki/Richard_Attwood
371,pease,\N,\N,Al,Pease,10/15/21,Canadian,http://en.wikipedia.org/wiki/Al_Pease
372,cordts,\N,\N,John,Cordts,7/23/35,Canadian,http://en.wikipedia.org/wiki/John_Cordts
373,clark,\N,\N,Jim,Clark,3/4/36,British,http://en.wikipedia.org/wiki/Jim_Clark
374,spence,\N,\N,Mike,Spence,12/30/36,British,http://en.wikipedia.org/wiki/Mike_Spence
375,scarfiotti,\N,\N,Ludovico,Scarfiotti,10/18/33,Italian,http://en.wikipedia.org/wiki/Ludovico_Scarfiotti
376,bianchi,\N,BIA,Lucien,Bianchi,11/10/34,Belgian,http://en.wikipedia.org/wiki/Lucien_Bianchi
377,jo_schlesser,\N,\N,Jo,Schlesser,5/18/28,French,http://en.wikipedia.org/wiki/Jo_Schlesser
378,widdows,\N,\N,Robin,Widdows,5/27/42,British,http://en.wikipedia.org/wiki/Robin_Widdows
379,ahrens,\N,\N,Kurt,Ahrens,4/19/40,German,"http://en.wikipedia.org/wiki/Kurt_Ahrens,_Jr."
380,gardner,\N,\N,Frank,Gardner,10/1/30,Australian,http://en.wikipedia.org/wiki/Frank_Gardner_(driver)
381,unser,\N,\N,Bobby,Unser,2/20/34,American,http://en.wikipedia.org/wiki/Bobby_Unser
382,solana,\N,\N,Moisés,Solana,12/26/35,Mexican,http://en.wikipedia.org/wiki/Mois%C3%A9s_Solana
383,anderson,\N,\N,Bob,Anderson,5/19/31,British,http://en.wikipedia.org/wiki/Bob_Anderson_(racing_driver)
384,botha,\N,\N,Luki,Botha,1/16/30,South African,http://en.wikipedia.org/wiki/Luki_Botha
385,bandini,\N,\N,Lorenzo,Bandini,12/21/35,Italian,http://en.wikipedia.org/wiki/Lorenzo_Bandini
386,ginther,\N,\N,Richie,Ginther,8/5/30,American,http://en.wikipedia.org/wiki/Richie_Ginther
387,parkes,\N,\N,Mike,Parkes,9/24/31,British,http://en.wikipedia.org/wiki/Mike_Parkes
388,irwin,\N,\N,Chris,Irwin,6/27/42,British,http://en.wikipedia.org/wiki/Chris_Irwin
389,ligier,\N,\N,Guy,Ligier,7/12/30,French,http://en.wikipedia.org/wiki/Guy_Ligier
390,rees,\N,\N,Alan,Rees,1/12/38,British,http://en.wikipedia.org/wiki/Alan_Rees_(racing_driver)
391,hart,\N,\N,Brian,Hart,9/7/36,British,http://en.wikipedia.org/wiki/Brian_Hart
392,fisher,\N,\N,Mike,Fisher,3/13/43,American,http://en.wikipedia.org/wiki/Mike_Fisher_(driver)
393,tom_jones,\N,\N,Tom,Jones,4/26/43,American,http://en.wikipedia.org/wiki/Tom_Jones_(auto_racer)
394,baghetti,\N,\N,Giancarlo,Baghetti,12/25/34,Italian,http://en.wikipedia.org/wiki/Giancarlo_Baghetti
395,williams,\N,\N,Jonathan,Williams,10/26/42,British,http://en.wikipedia.org/wiki/Jonathan_Williams_(racing_driver)
396,bondurant,\N,\N,Bob,Bondurant,4/27/33,American,http://en.wikipedia.org/wiki/Bob_Bondurant
397,arundell,\N,\N,Peter,Arundell,11/8/33,British,http://en.wikipedia.org/wiki/Peter_Arundell
398,vic_wilson,\N,\N,Vic,Wilson,4/14/31,British,http://en.wikipedia.org/wiki/Vic_Wilson_(motor_racing_driver)
399,taylor,\N,\N,John,Taylor,3/23/33,British,http://en.wikipedia.org/wiki/John_Taylor_(racer)
400,lawrence,\N,\N,Chris,Lawrence,7/27/33,British,http://en.wikipedia.org/wiki/Chris_Lawrence_(racing_driver)
401,trevor_taylor,\N,\N,Trevor,Taylor,12/26/36,British,http://en.wikipedia.org/wiki/Trevor_Taylor
402,geki,\N,\N,Giacomo,Russo,10/23/37,Italian,http://en.wikipedia.org/wiki/Geki_(driver)
403,phil_hill,\N,\N,Phil,Hill,4/20/27,American,http://en.wikipedia.org/wiki/Phil_Hill
404,ireland,\N,\N,Innes,Ireland,6/12/30,British,http://en.wikipedia.org/wiki/Innes_Ireland
405,bucknum,\N,\N,Ronnie,Bucknum,4/5/36,American,http://en.wikipedia.org/wiki/Ronnie_Bucknum
406,hawkins,\N,\N,Paul,Hawkins,10/12/37,Australian,http://en.wikipedia.org/wiki/Paul_Hawkins_(racing_driver)
407,prophet,\N,\N,David,Prophet,10/9/37,British,http://en.wikipedia.org/wiki/David_Prophet
408,maggs,\N,\N,Tony,Maggs,2/9/37,South African,http://en.wikipedia.org/wiki/Tony_Maggs
409,blokdyk,\N,\N,Trevor,Blokdyk,11/30/35,South African,http://en.wikipedia.org/wiki/Trevor_Blokdyk
410,lederle,\N,\N,Neville,Lederle,9/25/38,South African,http://en.wikipedia.org/wiki/Neville_Lederle
411,serrurier,\N,\N,Doug,Serrurier,12/9/20,South African,http://en.wikipedia.org/wiki/Doug_Serrurier
412,niemann,\N,\N,Brausch,Niemann,1/7/39,South African,http://en.wikipedia.org/wiki/Brausch_Niemann
413,pieterse,\N,\N,Ernie,Pieterse,7/4/38,South African,http://en.wikipedia.org/wiki/Ernie_Pieterse
414,puzey,\N,\N,Clive,Puzey,7/11/41,Rhodesian,http://en.wikipedia.org/wiki/Clive_Puzey
415,reed,\N,\N,Ray,Reed,4/30/32,South African,http://en.wikipedia.org/wiki/Ray_Reed
416,clapham,\N,\N,David,Clapham,5/18/31,South African,http://en.wikipedia.org/wiki/David_Clapham
417,blignaut,\N,\N,Alex,Blignaut,11/30/32,South African,http://en.wikipedia.org/wiki/Alex_Blignaut
418,gregory,\N,\N,Masten,Gregory,2/29/32,American,http://en.wikipedia.org/wiki/Masten_Gregory
419,rhodes,\N,\N,John,Rhodes,8/18/27,British,http://en.wikipedia.org/wiki/John_Rhodes_(driver)
420,raby,\N,\N,Ian,Raby,9/22/21,British,http://en.wikipedia.org/wiki/Ian_Raby
421,rollinson,\N,\N,Alan,Rollinson,5/15/43,British,http://en.wikipedia.org/wiki/Alan_Rollinson
422,gubby,\N,\N,Brian,Gubby,4/17/34,British,http://en.wikipedia.org/wiki/Brian_Gubby
423,mitter,\N,\N,Gerhard,Mitter,8/30/35,German,http://en.wikipedia.org/wiki/Gerhard_Mitter
424,bussinello,\N,\N,Roberto,Bussinello,10/4/27,Italian,http://en.wikipedia.org/wiki/Roberto_Bussinello
425,vaccarella,\N,\N,Nino,Vaccarella,3/4/33,Italian,http://en.wikipedia.org/wiki/Nino_Vaccarella
426,bassi,\N,\N,Giorgio,Bassi,1/20/34,Italian,http://en.wikipedia.org/wiki/Giorgio_Bassi
427,trintignant,\N,\N,Maurice,Trintignant,10/30/17,French,http://en.wikipedia.org/wiki/Maurice_Trintignant
428,collomb,\N,\N,Bernard,Collomb,10/7/30,French,http://en.wikipedia.org/wiki/Bernard_Collomb
429,andre_pilette,\N,\N,André,Pilette,10/6/18,Belgian,http://en.wikipedia.org/wiki/Andr%C3%A9_Pilette
430,beaufort,\N,\N,Carel Godin,de Beaufort,4/10/34,Dutch,http://en.wikipedia.org/wiki/Carel_Godin_de_Beaufort
431,barth,\N,\N,Edgar,Barth,1/26/17,German,http://en.wikipedia.org/wiki/Edgar_Barth
432,cabral,\N,\N,Mário de Araújo,Cabral,1/15/34,Portuguese,http://en.wikipedia.org/wiki/Mario_de_Araujo_Cabral
433,hansgen,\N,\N,Walt,Hansgen,10/28/19,American,http://en.wikipedia.org/wiki/Walt_Hansgen
434,sharp,\N,\N,Hap,Sharp,1/1/28,American,http://en.wikipedia.org/wiki/Hap_Sharp
435,mairesse,\N,\N,Willy,Mairesse,10/1/28,Belgian,http://en.wikipedia.org/wiki/Willy_Mairesse
436,campbell-jones,\N,\N,John,Campbell-Jones,1/21/30,British,http://en.wikipedia.org/wiki/John_Campbell-Jones
437,burgess,\N,\N,Ian,Burgess,7/6/30,British,http://en.wikipedia.org/wiki/Ian_Burgess
438,settember,\N,\N,Tony,Settember,7/10/26,American,http://en.wikipedia.org/wiki/Tony_Settember
439,estefano,\N,\N,Nasif,Estéfano,11/18/32,Argentine,http://en.wikipedia.org/wiki/Nasif_Est%C3%A9fano
440,hall,\N,\N,Jim,Hall,7/23/35,American,http://en.wikipedia.org/wiki/Jim_Hall_(race_car_driver)
441,parnell,\N,\N,Tim,Parnell,6/25/32,British,http://en.wikipedia.org/wiki/Tim_Parnell
442,kuhnke,\N,\N,Kurt,Kuhnke,4/30/10,German,http://en.wikipedia.org/wiki/Kurt_Kuhnke
443,ernesto_brambilla,\N,\N,Ernesto,Brambilla,1/31/34,Italian,http://en.wikipedia.org/wiki/Ernesto_Brambilla
444,lippi,\N,\N,Roberto,Lippi,10/17/26,Italian,http://en.wikipedia.org/wiki/Roberto_Lippi
445,seiffert,\N,\N,Günther,Seiffert,10/18/37,German,http://en.wikipedia.org/wiki/G%C3%BCnther_Seiffert
446,abate,\N,\N,Carlo,Abate,7/10/32,Italian,http://en.wikipedia.org/wiki/Carlo_Mario_Abate
447,starrabba,\N,\N,Gaetano,Starrabba,12/3/32,Italian,http://en.wikipedia.org/wiki/Gaetano_Starrabba
448,broeker,\N,\N,Peter,Broeker,5/15/26,Canadian,http://en.wikipedia.org/wiki/Peter_Broeker
449,ward,\N,\N,Rodger,Ward,1/10/21,American,http://en.wikipedia.org/wiki/Rodger_Ward
450,vos,\N,\N,Ernie,de Vos,7/1/41,Dutch,http://en.wikipedia.org/wiki/Ernie_de_Vos
451,dochnal,\N,\N,Frank,Dochnal,10/8/20,American,http://en.wikipedia.org/wiki/Frank_Dochnal
452,monarch,\N,\N,Thomas,Monarch,9/3/45,American,http://en.wikipedia.org/wiki/Talk:1963_Mexican_Grand_Prix#Who_was_Thomas_Monarch.3F
842,gasly,10,GAS,Pierre,Gasly,2/7/96,French,http://en.wikipedia.org/wiki/Pierre_Gasly
453,lewis,\N,\N,Jackie,Lewis,11/1/36,British,http://en.wikipedia.org/wiki/Jackie_Lewis
454,ricardo_rodriguez,\N,\N,Ricardo,Rodríguez,2/14/42,Mexican,http://en.wikipedia.org/wiki/Ricardo_Rodr%C3%ADguez_(Formula_One)
455,seidel,\N,\N,Wolfgang,Seidel,7/4/26,German,http://en.wikipedia.org/wiki/Wolfgang_Seidel
456,salvadori,\N,\N,Roy,Salvadori,5/12/22,British,http://en.wikipedia.org/wiki/Roy_Salvadori
457,pon,\N,\N,Ben,Pon,12/9/36,Dutch,http://en.wikipedia.org/wiki/Ben_Pon
458,slotemaker,\N,\N,Rob,Slotemaker,6/13/29,Dutch,http://en.wikipedia.org/wiki/Rob_Slotemaker
459,marsh,\N,\N,Tony,Marsh,7/20/31,British,http://en.wikipedia.org/wiki/Tony_Marsh_(racing_driver)
460,ashmore,\N,\N,Gerry,Ashmore,7/25/36,British,http://en.wikipedia.org/wiki/Gerry_Ashmore
461,schiller,\N,\N,Heinz,Schiller,1/25/30,Swiss,http://en.wikipedia.org/wiki/Heinz_Schiller
462,davis,\N,\N,Colin,Davis,7/29/33,British,http://en.wikipedia.org/wiki/Colin_Davis_(driver)
463,chamberlain,\N,\N,Jay,Chamberlain,12/29/25,American,http://en.wikipedia.org/wiki/Jay_Chamberlain
464,shelly,\N,\N,Tony,Shelly,2/2/37,New Zealander,http://en.wikipedia.org/wiki/Tony_Shelly
465,greene,\N,\N,Keith,Greene,1/5/38,British,http://en.wikipedia.org/wiki/Keith_Greene
466,walter,\N,\N,Heini,Walter,7/28/27,Swiss,http://en.wikipedia.org/wiki/Heini_Walter
467,prinoth,\N,\N,Ernesto,Prinoth,4/15/23,Italian,http://en.wikipedia.org/wiki/Ernesto_Prinoth
468,penske,\N,\N,Roger,Penske,2/20/37,American,http://en.wikipedia.org/wiki/Roger_Penske
469,schroeder,\N,\N,Rob,Schroeder,5/11/26,British,http://en.wikipedia.org/wiki/Rob_Schroeder
470,mayer,\N,\N,Timmy,Mayer,2/22/38,American,http://en.wikipedia.org/wiki/Timmy_Mayer
471,johnstone,\N,\N,Bruce,Johnstone,1/30/37,South African,http://en.wikipedia.org/wiki/Bruce_Johnstone_(racing_driver)
472,harris,\N,\N,Mike,Harris,5/25/39,South African,http://en.wikipedia.org/wiki/Mike_Harris_(race_car_driver)
473,hocking,\N,\N,Gary,Hocking,9/30/37,Rhodesian,http://en.wikipedia.org/wiki/Gary_Hocking
474,vyver,\N,\N,Syd,van der Vyver,6/1/20,South African,http://en.wikipedia.org/wiki/Syd_van_der_Vyver
475,moss,\N,\N,Stirling,Moss,9/17/29,British,http://en.wikipedia.org/wiki/Stirling_Moss
476,trips,\N,\N,Wolfgang,von Trips,5/4/28,German,http://en.wikipedia.org/wiki/Wolfgang_Graf_Berghe_von_Trips
477,allison,\N,\N,Cliff,Allison,2/8/32,British,http://en.wikipedia.org/wiki/Cliff_Allison
478,herrmann,\N,\N,Hans,Herrmann,2/23/28,German,http://en.wikipedia.org/wiki/Hans_Herrmann
479,brooks,\N,\N,Tony,Brooks,2/25/32,British,http://en.wikipedia.org/wiki/Tony_Brooks
480,may,\N,\N,Michael,May,8/18/34,Swiss,http://en.wikipedia.org/wiki/Michael_May_(racing_driver)
481,henry_taylor,\N,\N,Henry,Taylor,12/16/32,British,http://en.wikipedia.org/wiki/Henry_Taylor_(racing_driver)
482,gendebien,\N,\N,Olivier,Gendebien,1/12/24,Belgian,http://en.wikipedia.org/wiki/Olivier_Gendebien
483,scarlatti,\N,\N,Giorgio,Scarlatti,10/2/21,Italian,http://en.wikipedia.org/wiki/Giorgio_Scarlatti
484,naylor,\N,\N,Brian,Naylor,3/24/23,British,http://en.wikipedia.org/wiki/Brian_Naylor
485,bordeu,\N,\N,Juan Manuel,Bordeu,1/28/34,Argentine,http://en.wikipedia.org/wiki/Juan_Manuel_Bordeu
486,fairman,\N,\N,Jack,Fairman,3/15/13,British,http://en.wikipedia.org/wiki/Jack_Fairman
487,natili,\N,\N,Massimo,Natili,7/28/35,Italian,http://en.wikipedia.org/wiki/Massimo_Natili
488,monteverdi,\N,\N,Peter,Monteverdi,6/7/34,Swiss,http://en.wikipedia.org/wiki/Peter_Monteverdi
489,pirocchi,\N,\N,Renato,Pirocchi,3/26/33,Italian,http://en.wikipedia.org/wiki/Renato_Pirocchi
490,duke,\N,\N,Geoff,Duke,3/29/23,British,http://en.wikipedia.org/wiki/Geoff_Duke
491,thiele,\N,\N,Alfonso,Thiele,4/5/20,American-Italian,http://en.wikipedia.org/wiki/Alfonso_Thiele
492,boffa,\N,\N,Menato,Boffa,1/4/30,Italian,http://en.wikipedia.org/wiki/Menato_Boffa
493,ryan,\N,\N,Peter,Ryan,6/10/40,Canadian,http://en.wikipedia.org/wiki/Peter_Ryan_(driver)
494,ruby,\N,\N,Lloyd,Ruby,1/12/28,American,http://en.wikipedia.org/wiki/Lloyd_Ruby
495,ken_miles,\N,\N,Ken,Miles,11/1/18,British,http://en.wikipedia.org/wiki/Ken_Miles
496,menditeguy,\N,\N,Carlos,Menditeguy,8/10/14,Argentine,http://en.wikipedia.org/wiki/Carlos_Menditeguy
497,larreta,\N,\N,Alberto Rodriguez,Larreta,1/14/34,Argentine,http://en.wikipedia.org/wiki/Alberto_Rodriguez_Larreta
498,gonzalez,\N,\N,José Froilán,González,10/5/22,Argentine,http://en.wikipedia.org/wiki/Jos%C3%A9_Froil%C3%A1n_Gonz%C3%A1lez
499,bonomi,\N,\N,Roberto,Bonomi,9/30/19,Argentine,http://en.wikipedia.org/wiki/Roberto_Bonomi
500,munaron,\N,\N,Gino,Munaron,4/2/28,Italian,http://en.wikipedia.org/wiki/Gino_Munaron
501,schell,\N,\N,Harry,Schell,6/29/21,American,http://en.wikipedia.org/wiki/Harry_Schell
502,stacey,\N,\N,Alan,Stacey,8/29/33,British,http://en.wikipedia.org/wiki/Alan_Stacey
503,chimeri,\N,\N,Ettore,Chimeri,6/4/21,Venezuelan,http://en.wikipedia.org/wiki/Ettore_Chimeri
504,creus,\N,\N,Antonio,Creus,10/28/24,Spanish,http://en.wikipedia.org/wiki/Antonio_Creus
505,bristow,\N,\N,Chris,Bristow,12/2/37,British,http://en.wikipedia.org/wiki/Chris_Bristow
506,halford,\N,\N,Bruce,Halford,5/18/31,British,http://en.wikipedia.org/wiki/Bruce_Halford
507,daigh,\N,\N,Chuck,Daigh,11/29/23,American,http://en.wikipedia.org/wiki/Chuck_Daigh
508,reventlow,\N,\N,Lance,Reventlow,2/24/36,American,http://en.wikipedia.org/wiki/Lance_Reventlow
509,rathmann,\N,\N,Jim,Rathmann,7/16/28,American,http://en.wikipedia.org/wiki/Jim_Rathmann
510,goldsmith,\N,\N,Paul,Goldsmith,10/2/25,American,http://en.wikipedia.org/wiki/Paul_Goldsmith
511,branson,\N,\N,Don,Branson,6/2/20,American,http://en.wikipedia.org/wiki/Don_Branson
512,thomson,\N,\N,Johnny,Thomson,4/9/22,American,http://en.wikipedia.org/wiki/Johnny_Thomson
513,johnson,\N,\N,Eddie,Johnson,2/10/19,American,http://en.wikipedia.org/wiki/Eddie_Johnson_(auto_racer)
514,veith,\N,\N,Bob,Veith,11/1/26,American,http://en.wikipedia.org/wiki/Bob_Veith
515,tingelstad,\N,\N,Bud,Tingelstad,4/4/28,American,http://en.wikipedia.org/wiki/Bud_Tingelstad
516,christie,\N,\N,Bob,Christie,4/4/24,American,http://en.wikipedia.org/wiki/Bob_Christie_(racing_driver)
517,amick,\N,\N,Red,Amick,1/19/29,American,http://en.wikipedia.org/wiki/Red_Amick
518,darter,\N,\N,Duane,Carter,5/5/13,American,http://en.wikipedia.org/wiki/Duane_Carter
519,homeier,\N,\N,Bill,Homeier,8/31/18,American,http://en.wikipedia.org/wiki/Bill_Homeier
520,hartley,\N,\N,Gene,Hartley,1/28/26,American,http://en.wikipedia.org/wiki/Gene_Hartley
521,stevenson,\N,\N,Chuck,Stevenson,10/15/19,American,http://en.wikipedia.org/wiki/Chuck_Stevenson
522,grim,\N,\N,Bobby,Grim,9/4/24,American,http://en.wikipedia.org/wiki/Bobby_Grim
523,templeman,\N,\N,Shorty,Templeman,8/12/19,American,http://en.wikipedia.org/wiki/Shorty_Templeman
524,hurtubise,\N,\N,Jim,Hurtubise,12/5/32,American,http://en.wikipedia.org/wiki/Jim_Hurtubise
525,bryan,\N,\N,Jimmy,Bryan,1/28/26,American,http://en.wikipedia.org/wiki/Jimmy_Bryan
526,ruttman,\N,\N,Troy,Ruttman,3/11/30,American,http://en.wikipedia.org/wiki/Troy_Ruttman
527,sachs,\N,\N,Eddie,Sachs,5/28/27,American,http://en.wikipedia.org/wiki/Eddie_Sachs
528,freeland,\N,\N,Don,Freeland,3/25/25,American,http://en.wikipedia.org/wiki/Don_Freeland
529,bettenhausen,\N,\N,Tony,Bettenhausen,9/12/16,American,http://en.wikipedia.org/wiki/Tony_Bettenhausen
530,weiler,\N,\N,Wayne,Weiler,12/9/34,American,http://en.wikipedia.org/wiki/Wayne_Weiler
531,foyt,\N,\N,Anthony,Foyt,1/16/35,American,http://en.wikipedia.org/wiki/A.J._Foyt
532,russo,\N,\N,Eddie,Russo,11/19/25,American,http://en.wikipedia.org/wiki/Eddie_Russo
533,boyd,\N,\N,Johnny,Boyd,8/19/26,American,http://en.wikipedia.org/wiki/Johnny_Boyd
534,force,\N,\N,Gene,Force,6/15/16,American,http://en.wikipedia.org/wiki/Gene_Force
535,mcwithey,\N,\N,Jim,McWithey,7/4/27,American,http://en.wikipedia.org/wiki/Jim_McWithey
536,sutton,\N,\N,Len,Sutton,8/9/25,American,http://en.wikipedia.org/wiki/Len_Sutton
537,dick_rathmann,\N,\N,Dick,Rathmann,1/6/24,American,http://en.wikipedia.org/wiki/Dick_Rathmann
538,herman,\N,\N,Al,Herman,3/15/27,American,http://en.wikipedia.org/wiki/Al_Herman
539,dempsey_wilson,\N,\N,Dempsey,Wilson,3/11/27,American,http://en.wikipedia.org/wiki/Dempsey_Wilson
540,mike_taylor,\N,\N,Mike,Taylor,4/24/34,British,http://en.wikipedia.org/wiki/Mike_Taylor_(driver)
541,flockhart,\N,\N,Ron,Flockhart,6/16/23,British,http://en.wikipedia.org/wiki/Ron_Flockhart_(auto_racing)
542,piper,\N,\N,David,Piper,12/2/30,British,http://en.wikipedia.org/wiki/David_Piper
543,cabianca,\N,\N,Giulio,Cabianca,2/19/23,Italian,http://en.wikipedia.org/wiki/Giulio_Cabianca
544,drogo,\N,\N,Piero,Drogo,8/8/26,Italian,http://en.wikipedia.org/wiki/Piero_Drogo
545,gamble,\N,\N,Fred,Gamble,3/17/32,American,http://en.wikipedia.org/wiki/Fred_Gamble_(racing_driver)
546,owen,\N,\N,Arthur,Owen,3/23/15,British,http://en.wikipedia.org/wiki/Arthur_Owen
547,gould,\N,\N,Horace,Gould,9/20/18,British,http://en.wikipedia.org/wiki/Horace_Gould
548,drake,\N,\N,Bob,Drake,12/14/19,American,http://en.wikipedia.org/wiki/Bob_Drake_(Formula_One)
549,bueb,\N,\N,Ivor,Bueb,6/6/23,British,http://en.wikipedia.org/wiki/Ivor_Bueb
550,Changy,\N,\N,Alain,de Changy,2/5/22,Belgian,http://en.wikipedia.org/wiki/Alain_de_Changy
551,filippis,\N,\N,Maria,de Filippis,11/11/26,Italian,http://en.wikipedia.org/wiki/Maria_Teresa_de_Filippis
552,lucienbonnet,\N,\N,Jean,Lucienbonnet,1/7/23,French,http://en.wikipedia.org/wiki/Jean_Lucienbonnet
553,testut,\N,\N,André,Testut,4/13/26,Monegasque,http://en.wikipedia.org/wiki/Andr%C3%A9_Testut
554,behra,\N,\N,Jean,Behra,2/16/21,French,http://en.wikipedia.org/wiki/Jean_Behra
555,paul_russo,\N,\N,Paul,Russo,4/10/14,American,http://en.wikipedia.org/wiki/Paul_Russo
556,daywalt,\N,\N,Jimmy,Daywalt,8/28/24,American,http://en.wikipedia.org/wiki/Jimmy_Daywalt
557,arnold,\N,\N,Chuck,Arnold,5/30/26,American,http://en.wikipedia.org/wiki/Chuck_Arnold
558,keller,\N,\N,Al,Keller,4/11/20,American,http://en.wikipedia.org/wiki/Al_Keller
559,flaherty,\N,\N,Pat,Flaherty,1/6/26,American,http://en.wikipedia.org/wiki/Pat_Flaherty_(racing_driver)
560,cheesbourg,\N,\N,Bill,Cheesbourg,6/12/27,American,http://en.wikipedia.org/wiki/Bill_Cheesbourg
561,ray_crawford,\N,\N,Ray,Crawford,10/26/15,American,http://en.wikipedia.org/wiki/Ray_Crawford
562,turner,\N,\N,Jack,Turner,2/12/20,American,http://en.wikipedia.org/wiki/Jack_Turner_(driver)
563,weyant,\N,\N,Chuck,Weyant,4/3/23,American,http://en.wikipedia.org/wiki/Chuck_Weyant
564,larson,\N,\N,Jud,Larson,1/21/23,American,http://en.wikipedia.org/wiki/Jud_Larson
565,magill,\N,\N,Mike,Magill,2/8/20,American,http://en.wikipedia.org/wiki/Mike_Magill
566,shelby,\N,\N,Carroll,Shelby,1/11/23,American,http://en.wikipedia.org/wiki/Carroll_Shelby
567,orey,\N,\N,Fritz,d'Orey,3/25/38,Brazilian,http://en.wikipedia.org/wiki/Fritz_d%27Orey
568,fontes,\N,\N,Azdrubal,Fontes,12/26/22,Uruguayan,http://en.wikipedia.org/wiki/Azdrubal_Fontes
569,ashdown,\N,\N,Peter,Ashdown,10/16/34,British,http://en.wikipedia.org/wiki/Peter_Ashdown
570,bill_moss,\N,\N,Bill,Moss,9/4/33,British,http://en.wikipedia.org/wiki/Bill_Moss_(racing_driver)
571,dennis_taylor,\N,\N,Dennis,Taylor,6/12/21,British,http://en.wikipedia.org/wiki/Dennis_Taylor_(racing_driver)
572,blanchard,\N,\N,Harry,Blanchard,6/13/29,American,http://en.wikipedia.org/wiki/Harry_Blanchard
573,tomaso,\N,\N,Alessandro,de Tomaso,7/10/28,Argentine-Italian,http://en.wikipedia.org/wiki/Alessandro_de_Tomaso
574,constantine,\N,\N,George,Constantine,2/22/18,American,http://en.wikipedia.org/wiki/George_Constantine
575,said,\N,\N,Bob,Said,5/5/32,American,http://en.wikipedia.org/wiki/Bob_Said
576,cade,\N,\N,Phil,Cade,6/12/16,American,http://en.wikipedia.org/wiki/Phil_Cade
577,musso,\N,\N,Luigi,Musso,7/28/24,Italian,http://en.wikipedia.org/wiki/Luigi_Musso
578,hawthorn,\N,\N,Mike,Hawthorn,4/10/29,British,http://en.wikipedia.org/wiki/Mike_Hawthorn
579,fangio,\N,\N,Juan,Fangio,6/24/11,Argentine,http://en.wikipedia.org/wiki/Juan_Manuel_Fangio
580,godia,\N,\N,Paco,Godia,3/21/21,Spanish,http://en.wikipedia.org/wiki/Paco_Godia
581,collins,\N,\N,Peter,Collins,11/6/31,British,http://en.wikipedia.org/wiki/Peter_Collins_(racing_driver)
582,kavanagh,\N,\N,Ken,Kavanagh,12/12/23,Australian,http://en.wikipedia.org/wiki/Ken_Kavanagh
583,gerini,\N,\N,Gerino,Gerini,8/10/28,Italian,http://en.wikipedia.org/wiki/Gerino_Gerini_(racing_driver)
584,kessler,\N,\N,Bruce,Kessler,3/23/36,American,http://en.wikipedia.org/wiki/Bruce_Kessler
585,emery,\N,\N,Paul,Emery,11/12/16,British,http://en.wikipedia.org/wiki/Paul_Emery
586,piotti,\N,\N,Luigi,Piotti,10/27/13,Italian,http://en.wikipedia.org/wiki/Luigi_Piotti
587,ecclestone,\N,\N,Bernie,Ecclestone,10/28/30,British,http://en.wikipedia.org/wiki/Bernie_Ecclestone
588,taramazzo,\N,\N,Luigi,Taramazzo,5/5/32,Italian,http://en.wikipedia.org/wiki/Luigi_Taramazzo
589,chiron,\N,\N,Louis,Chiron,1899-08-03,Monegasque,http://en.wikipedia.org/wiki/Louis_Chiron
590,lewis-evans,\N,\N,Stuart,Lewis-Evans,4/20/30,British,http://en.wikipedia.org/wiki/Stuart_Lewis-Evans
591,george_amick,\N,\N,George,Amick,10/24/24,American,http://en.wikipedia.org/wiki/George_Amick
592,reece,\N,\N,Jimmy,Reece,11/17/29,American,http://en.wikipedia.org/wiki/Jimmy_Reece
593,parsons,\N,\N,Johnnie,Parsons,7/4/18,American,http://en.wikipedia.org/wiki/Johnnie_Parsons
594,tolan,\N,\N,Johnnie,Tolan,10/22/17,American,http://en.wikipedia.org/wiki/Johnnie_Tolan
595,garrett,\N,\N,Billy,Garrett,4/24/33,American,http://en.wikipedia.org/wiki/Billy_Garrett
596,elisian,\N,\N,Ed,Elisian,12/9/26,American,http://en.wikipedia.org/wiki/Ed_Elisian
597,connor,\N,\N,Pat,O'Connor,10/9/28,American,http://en.wikipedia.org/wiki/Pat_O%27Connor_(auto_racer)
598,jerry_unser,\N,\N,Jerry,Unser,11/15/32,American,http://en.wikipedia.org/wiki/Jerry_Unser
599,bisch,\N,\N,Art,Bisch,11/10/26,American,http://en.wikipedia.org/wiki/Art_Bisch
600,goethals,\N,\N,Christian,Goethals,8/4/28,Belgian,http://en.wikipedia.org/wiki/Christian_Goethals
601,gibson,\N,\N,Dick,Gibson,4/16/18,British,http://en.wikipedia.org/wiki/Dick_Gibson
602,la_caze,\N,\N,Robert,La Caze,2/26/17,French,http://en.wikipedia.org/wiki/Robert_La_Caze
603,guelfi,\N,\N,André,Guelfi,5/6/19,French,http://en.wikipedia.org/wiki/Andr%C3%A9_Guelfi
604,picard,\N,\N,François,Picard,4/26/21,French,http://en.wikipedia.org/wiki/Fran%C3%A7ois_Picard
605,bridger,\N,\N,Tom,Bridger,6/24/34,British,http://en.wikipedia.org/wiki/Tom_Bridger
606,portago,\N,\N,Alfonso,de Portago,10/11/28,Spanish,http://en.wikipedia.org/wiki/Alfonso_de_Portago
607,perdisa,\N,\N,Cesare,Perdisa,10/21/32,Italian,http://en.wikipedia.org/wiki/Cesare_Perdisa
608,castellotti,\N,\N,Eugenio,Castellotti,10/10/30,Italian,http://en.wikipedia.org/wiki/Eugenio_Castellotti
609,simon,\N,\N,André,Simon,1/5/20,French,http://en.wikipedia.org/wiki/Andr%C3%A9_Simon_(racing_driver)
610,leston,\N,\N,Les,Leston,12/16/20,British,http://en.wikipedia.org/wiki/Les_Leston
611,hanks,\N,\N,Sam,Hanks,7/13/14,American,http://en.wikipedia.org/wiki/Sam_Hanks
612,linden,\N,\N,Andy,Linden,4/5/22,American,http://en.wikipedia.org/wiki/Andy_Linden_(racing_driver)
613,teague,\N,\N,Marshall,Teague,2/22/21,American,http://en.wikipedia.org/wiki/Marshall_Teague_(racing_driver)
614,edmunds,\N,\N,Don,Edmunds,9/23/30,American,http://en.wikipedia.org/wiki/Don_Edmunds
615,agabashian,\N,\N,Fred,Agabashian,8/21/13,American,http://en.wikipedia.org/wiki/Fred_Agabashian
616,george,\N,\N,Elmer,George,7/15/28,American,http://en.wikipedia.org/wiki/Elmer_George
617,macdowel,\N,\N,Mike,MacDowel,9/13/32,British,http://en.wikipedia.org/wiki/Mike_MacDowel
618,mackay-fraser,\N,\N,Herbert,MacKay-Fraser,6/23/27,American,http://en.wikipedia.org/wiki/Herbert_MacKay-Fraser
619,gerard,\N,\N,Bob,Gerard,1/19/14,British,http://en.wikipedia.org/wiki/Bob_Gerard
620,maglioli,\N,\N,Umberto,Maglioli,6/5/28,Italian,http://en.wikipedia.org/wiki/Umberto_Maglioli
621,england,\N,\N,Paul,England,3/28/29,Australian,http://en.wikipedia.org/wiki/Paul_England
622,landi,\N,\N,Chico,Landi,7/14/07,Brazilian,http://en.wikipedia.org/wiki/Chico_Landi
623,uria,\N,\N,Alberto,Uria,7/11/24,Uruguayan,http://en.wikipedia.org/wiki/Alberto_Uria
624,ramos,\N,\N,Hernando,da Silva Ramos,12/7/25,Brazilian,http://en.wikipedia.org/wiki/Hernando_da_Silva_Ramos
625,bayol,\N,\N,Élie,Bayol,2/28/14,French,http://en.wikipedia.org/wiki/%C3%89lie_Bayol
626,manzon,\N,\N,Robert,Manzon,4/12/17,French,http://en.wikipedia.org/wiki/Robert_Manzon
627,rosier,\N,\N,Louis,Rosier,11/5/05,French,http://en.wikipedia.org/wiki/Louis_Rosier
628,sweikert,\N,\N,Bob,Sweikert,5/20/26,American,http://en.wikipedia.org/wiki/Bob_Sweikert
629,griffith,\N,\N,Cliff,Griffith,2/6/16,American,http://en.wikipedia.org/wiki/Cliff_Griffith
630,dinsmore,\N,\N,Duke,Dinsmore,4/10/13,American,http://en.wikipedia.org/wiki/Duke_Dinsmore
631,andrews,\N,\N,Keith,Andrews,6/15/20,American,http://en.wikipedia.org/wiki/Keith_Andrews_(driver)
632,frere,\N,\N,Paul,Frère,1/30/17,Belgian,http://en.wikipedia.org/wiki/Paul_Fr%C3%A8re
633,villoresi,\N,\N,Luigi,Villoresi,5/16/09,Italian,http://en.wikipedia.org/wiki/Luigi_Villoresi
634,scotti,\N,\N,Piero,Scotti,11/11/09,Italian,http://en.wikipedia.org/wiki/Piero_Scotti
635,chapman,\N,\N,Colin,Chapman,5/19/28,British,http://en.wikipedia.org/wiki/Colin_Chapman
636,titterington,\N,\N,Desmond,Titterington,5/1/28,British,http://en.wikipedia.org/wiki/Desmond_Titterington
637,scott_Brown,\N,\N,Archie,Scott Brown,5/13/27,British,http://en.wikipedia.org/wiki/Archie_Scott_Brown
638,volonterio,\N,\N,Ottorino,Volonterio,12/7/17,Swiss,http://en.wikipedia.org/wiki/Ottorino_Volonterio
639,milhoux,\N,\N,André,Milhoux,12/9/28,Belgian,http://en.wikipedia.org/wiki/Andr%C3%A9_Milhoux
640,graffenried,\N,\N,Toulo,de Graffenried,5/18/14,Swiss,http://en.wikipedia.org/wiki/Toulo_de_Graffenried
641,taruffi,\N,\N,Piero,Taruffi,10/12/06,Italian,http://en.wikipedia.org/wiki/Piero_Taruffi
642,farina,\N,\N,Nino,Farina,10/30/06,Italian,http://en.wikipedia.org/wiki/Nino_Farina
643,mieres,\N,\N,Roberto,Mieres,12/3/24,Argentine,http://en.wikipedia.org/wiki/Roberto_Mieres
644,mantovani,\N,\N,Sergio,Mantovani,5/22/29,Italian,http://en.wikipedia.org/wiki/Sergio_Mantovani
645,bucci,\N,\N,Clemar,Bucci,9/4/20,Argentine,http://en.wikipedia.org/wiki/Clemar_Bucci
646,iglesias,\N,\N,Jesús,Iglesias,2/22/22,Argentine,http://en.wikipedia.org/wiki/Jes%C3%BAs_Iglesias
647,ascari,\N,\N,Alberto,Ascari,7/13/18,Italian,http://en.wikipedia.org/wiki/Alberto_Ascari
648,kling,\N,\N,Karl,Kling,9/16/10,German,http://en.wikipedia.org/wiki/Karl_Kling
649,birger,\N,\N,Pablo,Birger,1/7/24,Argentine,http://en.wikipedia.org/wiki/Pablo_Birger
650,pollet,\N,\N,Jacques,Pollet,7/2/22,French,http://en.wikipedia.org/wiki/Jacques_Pollet
651,macklin,\N,\N,Lance,Macklin,9/2/19,British,http://en.wikipedia.org/wiki/Lance_Macklin
652,whiteaway,\N,\N,Ted,Whiteaway,11/1/28,British,http://en.wikipedia.org/wiki/Ted_Whiteaway
653,davies,\N,\N,Jimmy,Davies,8/8/29,American,http://en.wikipedia.org/wiki/Jimmy_Davies
654,faulkner,\N,\N,Walt,Faulkner,2/16/20,American,http://en.wikipedia.org/wiki/Walt_Faulkner
655,niday,\N,\N,Cal,Niday,4/29/14,American,http://en.wikipedia.org/wiki/Cal_Niday
656,cross,\N,\N,Art,Cross,1/24/18,American,http://en.wikipedia.org/wiki/Art_Cross
657,vukovich,\N,\N,Bill,Vukovich,12/13/18,American,http://en.wikipedia.org/wiki/Bill_Vukovich
658,mcgrath,\N,\N,Jack,McGrath,10/8/19,American,http://en.wikipedia.org/wiki/Jack_McGrath_(racing_driver)
659,hoyt,\N,\N,Jerry,Hoyt,1/29/29,American,http://en.wikipedia.org/wiki/Jerry_Hoyt
660,claes,\N,\N,Johnny,Claes,8/11/16,Belgian,http://en.wikipedia.org/wiki/Johnny_Claes
661,peter_walker,\N,\N,Peter,Walker,10/7/12,British,http://en.wikipedia.org/wiki/Peter_Walker_(driver)
662,sparken,\N,\N,Mike,Sparken,6/16/30,French,http://en.wikipedia.org/wiki/Mike_Sparken
663,wharton,\N,\N,Ken,Wharton,3/21/16,British,http://en.wikipedia.org/wiki/Ken_Wharton
664,mcalpine,\N,\N,Kenneth,McAlpine,9/21/20,British,http://en.wikipedia.org/wiki/Kenneth_McAlpine
665,marr,\N,\N,Leslie,Marr,8/14/22,British,http://en.wikipedia.org/wiki/Leslie_Marr
666,rolt,\N,\N,Tony,Rolt,10/16/18,British,http://en.wikipedia.org/wiki/Tony_Rolt
667,fitch,\N,\N,John,Fitch,8/4/17,American,http://en.wikipedia.org/wiki/John_Fitch_(driver)
668,lucas,\N,\N,Jean,Lucas,4/25/17,French,http://en.wikipedia.org/wiki/Jean_Lucas
669,bira,\N,\N,Prince,Bira,7/15/14,Thai,http://en.wikipedia.org/wiki/Prince_Bira
670,marimon,\N,\N,Onofre,Marimón,12/19/23,Argentine,http://en.wikipedia.org/wiki/Onofre_Marim%C3%B3n
671,loyer,\N,\N,Roger,Loyer,8/5/07,French,http://en.wikipedia.org/wiki/Roger_Loyer
672,daponte,\N,\N,Jorge,Daponte,6/5/23,Argentine,http://en.wikipedia.org/wiki/Jorge_Daponte
673,nazaruk,\N,\N,Mike,Nazaruk,10/2/21,American,http://en.wikipedia.org/wiki/Mike_Nazaruk
674,crockett,\N,\N,Larry,Crockett,10/23/26,American,http://en.wikipedia.org/wiki/Larry_Crockett
675,ayulo,\N,\N,Manny,Ayulo,10/20/21,American,http://en.wikipedia.org/wiki/Manny_Ayulo
676,armi,\N,\N,Frank,Armi,10/12/18,American,http://en.wikipedia.org/wiki/Frank_Armi
677,webb,\N,\N,Travis,Webb,10/8/10,American,http://en.wikipedia.org/wiki/Travis_Webb
678,duncan,\N,\N,Len,Duncan,7/25/11,American,http://en.wikipedia.org/wiki/Len_Duncan
679,mccoy,\N,\N,Ernie,McCoy,2/19/21,American,http://en.wikipedia.org/wiki/Ernie_McCoy
680,swaters,\N,\N,Jacques,Swaters,10/30/26,American,http://en.wikipedia.org/wiki/Jacques_Swaters
681,georges_berger,\N,\N,Georges,Berger,9/14/18,Belgian,http://en.wikipedia.org/wiki/Georges_Berger
682,beauman,\N,\N,Don,Beauman,7/26/28,British,http://en.wikipedia.org/wiki/Don_Beauman
683,thorne,\N,\N,Leslie,Thorne,6/23/16,British,http://en.wikipedia.org/wiki/Leslie_Thorne
684,whitehouse,\N,\N,Bill,Whitehouse,4/1/09,British,http://en.wikipedia.org/wiki/Bill_Whitehouse
685,riseley_prichard,\N,\N,John,Riseley-Prichard,1/17/24,British,http://en.wikipedia.org/wiki/John_Riseley-Prichard
686,reg_parnell,\N,\N,Reg,Parnell,7/2/11,British,http://en.wikipedia.org/wiki/Reg_Parnell
687,whitehead,\N,\N,Peter,Whitehead,11/12/14,British,http://en.wikipedia.org/wiki/Peter_Whitehead_(racing_driver)
688,brandon,\N,\N,Eric,Brandon,7/18/20,British,http://en.wikipedia.org/wiki/Eric_Brandon
689,alan_brown,\N,\N,Alan,Brown,11/20/19,British,http://en.wikipedia.org/wiki/Alan_Brown_(racing_driver)
690,nuckey,\N,\N,Rodney,Nuckey,6/26/29,British,http://en.wikipedia.org/wiki/Rodney_Nuckey
691,lang,\N,\N,Hermann,Lang,4/6/09,German,http://en.wikipedia.org/wiki/Hermann_Lang
692,helfrich,\N,\N,Theo,Helfrich,5/13/13,German,http://en.wikipedia.org/wiki/Theo_Helfrich
693,wacker,\N,\N,Fred,Wacker,7/10/18,American,http://en.wikipedia.org/wiki/Fred_Wacker
694,riu,\N,\N,Giovanni,de Riu,3/10/25,Italian,http://en.wikipedia.org/wiki/Giovanni_de_Riu
695,galvez,\N,\N,Oscar,Gálvez,8/17/13,Argentine,http://en.wikipedia.org/wiki/%C3%93scar_Alfredo_G%C3%A1lvez
696,john_barber,\N,\N,John,Barber,7/22/29,British,http://en.wikipedia.org/wiki/John_Barber_(racing_driver)
697,bonetto,\N,\N,Felice,Bonetto,6/9/03,Italian,http://en.wikipedia.org/wiki/Felice_Bonetto
698,cruz,\N,\N,Adolfo,Cruz,6/28/23,Argentine,http://en.wikipedia.org/wiki/Adolfo_Schewelm_Cruz
699,nalon,\N,\N,Duke,Nalon,3/2/13,American,http://en.wikipedia.org/wiki/Duke_Nalon
700,scarborough,\N,\N,Carl,Scarborough,7/3/14,American,http://en.wikipedia.org/wiki/Carl_Scarborough
701,holland,\N,\N,Bill,Holland,12/18/07,American,http://en.wikipedia.org/wiki/Bill_Holland
702,bob_scott,\N,\N,Bob,Scott,10/4/28,American,http://en.wikipedia.org/wiki/Bob_Scott_(auto_racer)
703,legat,\N,\N,Arthur,Legat,1898-11-01,Belgian,http://en.wikipedia.org/wiki/Arthur_Legat
704,cabantous,\N,\N,Yves,Cabantous,10/8/04,French,http://en.wikipedia.org/wiki/Yves_Giraud_Cabantous
705,crook,\N,\N,Tony,Crook,2/16/20,British,http://en.wikipedia.org/wiki/Tony_Crook
706,jimmy_stewart,\N,\N,Jimmy,Stewart,3/6/31,British,http://en.wikipedia.org/wiki/Jimmy_Stewart_(racing_driver)
707,ian_stewart,\N,\N,Ian,Stewart,7/15/29,British,http://en.wikipedia.org/wiki/Ian_Stewart_(racing_driver)
708,duncan_hamilton,\N,\N,Duncan,Hamilton,4/30/20,British,http://en.wikipedia.org/wiki/Duncan_Hamilton_(racing_driver)
709,klodwig,\N,\N,Ernst,Klodwig,5/23/03,East German,http://en.wikipedia.org/wiki/Ernst_Klodwig
710,krause,\N,\N,Rudolf,Krause,3/30/07,East German,http://en.wikipedia.org/wiki/Rudolf_Krause
711,karch,\N,\N,Oswald,Karch,3/6/17,German,http://en.wikipedia.org/wiki/Oswald_Karch
712,heeks,\N,\N,Willi,Heeks,2/13/22,German,http://en.wikipedia.org/wiki/Willi_Heeks
713,fitzau,\N,\N,Theo,Fitzau,2/10/23,East German,http://en.wikipedia.org/wiki/Theo_Fitzau
714,adolff,\N,\N,Kurt,Adolff,11/5/21,German,http://en.wikipedia.org/wiki/Kurt_Adolff
715,bechem,\N,\N,Günther,Bechem,12/21/21,German,http://en.wikipedia.org/wiki/G%C3%BCnther_Bechem
716,bauer,\N,\N,Erwin,Bauer,7/17/12,German,http://en.wikipedia.org/wiki/Erwin_Bauer
717,hans_stuck,\N,\N,Hans,von Stuck,12/27/00,German,http://en.wikipedia.org/wiki/Hans_Von_Stuck
718,loof,\N,\N,Ernst,Loof,7/4/07,German,http://en.wikipedia.org/wiki/Ernst_Loof
719,scherrer,\N,\N,Albert,Scherrer,2/28/08,Swiss,http://en.wikipedia.org/wiki/Albert_Scherrer
720,terra,\N,\N,Max,de Terra,10/6/18,Swiss,http://en.wikipedia.org/wiki/Max_de_Terra
721,hirt,\N,\N,Peter,Hirt,3/30/10,Swiss,http://en.wikipedia.org/wiki/Peter_Hirt
722,carini,\N,\N,Piero,Carini,3/6/21,Italian,http://en.wikipedia.org/wiki/Piero_Carini
723,fischer,\N,\N,Rudi,Fischer,4/19/12,Swiss,http://en.wikipedia.org/wiki/Rudi_Fischer
724,ulmen,\N,\N,Toni,Ulmen,1/25/06,German,http://en.wikipedia.org/wiki/Toni_Ulmen
725,abecassis,\N,\N,George,Abecassis,3/21/13,British,http://en.wikipedia.org/wiki/George_Abecassis
726,george_connor,\N,\N,George,Connor,8/16/06,American,http://en.wikipedia.org/wiki/George_Connor_(driver)
727,rigsby,\N,\N,Jim,Rigsby,6/6/23,American,http://en.wikipedia.org/wiki/Jim_Rigsby
728,james,\N,\N,Joe,James,5/23/25,American,http://en.wikipedia.org/wiki/Joe_James_(racing_driver)
729,schindler,\N,\N,Bill,Schindler,3/6/09,American,http://en.wikipedia.org/wiki/Bill_Schindler
730,fonder,\N,\N,George,Fonder,6/22/17,American,http://en.wikipedia.org/wiki/George_Fonder
731,banks,\N,\N,Henry,Banks,6/14/13,American,http://en.wikipedia.org/wiki/Henry_Banks
732,mcdowell,\N,\N,Johnny,McDowell,1/29/15,American,http://en.wikipedia.org/wiki/Johnny_McDowell
733,miller,\N,\N,Chet,Miller,7/19/02,American,http://en.wikipedia.org/wiki/Chet_Miller
734,ball,\N,\N,Bobby,Ball,8/26/25,American,http://en.wikipedia.org/wiki/Bobby_Ball_(auto_racer)
735,tornaco,\N,\N,Charles,de Tornaco,6/7/27,Belgian,http://en.wikipedia.org/wiki/Charles_de_Tornaco
736,laurent,\N,\N,Roger,Laurent,2/21/13,Belgian,http://en.wikipedia.org/wiki/Roger_Laurent
737,obrien,\N,\N,Robert,O'Brien,4/11/08,American,http://en.wikipedia.org/wiki/Robert_O%27Brien_(auto_racer)
738,gaze,\N,\N,Tony,Gaze,2/3/20,Australian,http://en.wikipedia.org/wiki/Tony_Gaze
739,charrington,\N,\N,Robin,Montgomerie-Charrington,6/23/15,British,http://en.wikipedia.org/wiki/Robin_Montgomerie-Charrington
740,comotti,\N,\N,Franco,Comotti,7/24/06,Italian,http://en.wikipedia.org/wiki/Franco_Comotti
741,etancelin,\N,\N,Philippe,Étancelin,1896-12-28,French,http://en.wikipedia.org/wiki/Philippe_%C3%89tancelin
742,poore,\N,\N,Dennis,Poore,8/19/16,British,http://en.wikipedia.org/wiki/Dennis_Poore
743,thompson,\N,\N,Eric,Thompson,11/4/19,British,http://en.wikipedia.org/wiki/Eric_Thompson_(racing_driver)
744,downing,\N,\N,Ken,Downing,12/5/17,British,http://en.wikipedia.org/wiki/Ken_Downing
745,graham_whitehead,\N,\N,Graham,Whitehead,4/15/22,British,http://en.wikipedia.org/wiki/Graham_Whitehead
746,bianco,\N,\N,Gino,Bianco,7/22/16,Brazilian,http://en.wikipedia.org/wiki/Gino_Bianco
747,murray,\N,\N,David,Murray,12/28/09,British,http://en.wikipedia.org/wiki/David_Murray_(driver)
748,cantoni,\N,\N,Eitel,Cantoni,10/4/06,Uruguayan,http://en.wikipedia.org/wiki/Eitel_Cantoni
749,aston,\N,\N,Bill,Aston,3/29/00,British,http://en.wikipedia.org/wiki/Bill_Aston
750,brudes,\N,\N,Adolf,Brudes,1899-10-15,German,http://en.wikipedia.org/wiki/Adolf_Brudes
751,riess,\N,\N,Fritz,Riess,7/11/22,German,http://en.wikipedia.org/wiki/Fritz_Riess
752,niedermayr,\N,\N,Helmut,Niedermayr,11/29/15,German,http://en.wikipedia.org/wiki/Helmut_Niedermayr
753,klenk,\N,\N,Hans,Klenk,10/28/19,German,http://en.wikipedia.org/wiki/Hans_Klenk
754,balsa,\N,\N,Marcel,Balsa,1/1/09,French,http://en.wikipedia.org/wiki/Marcel_Balsa
755,schoeller,\N,\N,Rudolf,Schoeller,4/27/02,Swiss,http://en.wikipedia.org/wiki/Rudolf_Schoeller
756,pietsch,\N,\N,Paul,Pietsch,6/20/11,German,http://en.wikipedia.org/wiki/Paul_Pietsch
757,peters,\N,\N,Josef,Peters,9/16/14,German,http://en.wikipedia.org/wiki/Josef_Peters_(driver)
758,lof,\N,\N,Dries,van der Lof,8/23/19,Dutch,http://en.wikipedia.org/wiki/Dries_van_der_Lof
759,flinterman,\N,\N,Jan,Flinterman,10/2/19,Dutch,http://en.wikipedia.org/wiki/Jan_Flinterman
760,dusio,\N,\N,Piero,Dusio,1899-10-13,Italian,http://en.wikipedia.org/wiki/Piero_Dusio
761,crespo,\N,\N,Alberto,Crespo,1/16/20,Argentine,http://en.wikipedia.org/wiki/Alberto_Crespo
762,rol,\N,\N,Franco,Rol,6/5/08,Italian,http://en.wikipedia.org/wiki/Franco_Rol
763,sanesi,\N,\N,Consalvo,Sanesi,3/28/11,Italian,http://en.wikipedia.org/wiki/Consalvo_Sanesi
764,guy_mairesse,\N,\N,Guy,Mairesse,8/10/10,French,http://en.wikipedia.org/wiki/Guy_Mairesse
765,louveau,\N,\N,Henri,Louveau,1/25/10,French,http://en.wikipedia.org/wiki/Henri_Louveau
766,wallard,\N,\N,Lee,Wallard,9/7/10,American,http://en.wikipedia.org/wiki/Lee_Wallard
767,forberg,\N,\N,Carl,Forberg,3/4/11,American,http://en.wikipedia.org/wiki/Carl_Forberg
768,rose,\N,\N,Mauri,Rose,5/26/06,American,http://en.wikipedia.org/wiki/Mauri_Rose
769,mackey,\N,\N,Bill,Mackey,12/15/27,American,http://en.wikipedia.org/wiki/Bill_Mackey
770,green,\N,\N,Cecil,Green,9/30/19,American,http://en.wikipedia.org/wiki/Cecil_Green
771,walt_brown,\N,\N,Walt,Brown,12/30/11,American,http://en.wikipedia.org/wiki/Walt_Brown_(auto_racer)
772,hellings,\N,\N,Mack,Hellings,9/14/15,American,http://en.wikipedia.org/wiki/Mack_Hellings
773,levegh,\N,\N,Pierre,Levegh,12/22/05,French,http://en.wikipedia.org/wiki/Pierre_Levegh
774,chaboud,\N,\N,Eugène,Chaboud,4/12/07,French,http://en.wikipedia.org/wiki/Eug%C3%A8ne_Chaboud
775,gordini,\N,\N,Aldo,Gordini,5/20/21,French,http://en.wikipedia.org/wiki/Aldo_Gordini
776,kelly,\N,\N,Joe,Kelly,3/13/13,Irish,http://en.wikipedia.org/wiki/Joe_Kelly_(Formula_One)
777,parker,\N,\N,Philip,Fotheringham-Parker,9/22/07,British,http://en.wikipedia.org/wiki/Philip_Fotheringham-Parker
778,shawe_taylor,\N,\N,Brian,Shawe Taylor,1/28/15,British,http://en.wikipedia.org/wiki/Brian_Shawe_Taylor
779,john_james,\N,\N,John,James,5/10/14,British,http://en.wikipedia.org/wiki/John_James_(auto_racer)
780,branca,\N,\N,Toni,Branca,9/15/16,Swiss,http://en.wikipedia.org/wiki/Toni_Branca
781,richardson,\N,\N,Ken,Richardson,8/21/11,British,http://en.wikipedia.org/wiki/Ken_Richardson_(race_car_driver)
782,jover,\N,\N,Juan,Jover,11/23/03,Spanish,http://en.wikipedia.org/wiki/Juan_Jover
783,grignard,\N,\N,Georges,Grignard,7/25/05,French,http://en.wikipedia.org/wiki/Georges_Grignard
784,hampshire,\N,\N,David,Hampshire,12/29/17,British,http://en.wikipedia.org/wiki/David_Hampshire
785,crossley,\N,\N,Geoff,Crossley,5/11/21,British,http://en.wikipedia.org/wiki/Geoff_Crossley
786,fagioli,\N,\N,Luigi,Fagioli,1898-06-09,Italian,http://en.wikipedia.org/wiki/Luigi_Fagioli
787,harrison,\N,\N,Cuth,Harrison,7/6/06,British,http://en.wikipedia.org/wiki/Cuth_Harrison
788,fry,\N,\N,Joe,Fry,10/26/15,British,http://en.wikipedia.org/wiki/Joe_Fry
789,martin,\N,\N,Eugène,Martin,3/24/15,French,http://en.wikipedia.org/wiki/Eug%C3%A8ne_Martin
790,leslie_johnson,\N,\N,Leslie,Johnson,3/22/12,British,http://en.wikipedia.org/wiki/Leslie_Johnson_(racing_driver)
791,biondetti,\N,\N,Clemente,Biondetti,1898-08-18,Italian,http://en.wikipedia.org/wiki/Clemente_Biondetti
792,pian,\N,\N,Alfredo,Pián,10/21/12,Argentine,http://en.wikipedia.org/wiki/Alfredo_Pi%C3%A0n
793,sommer,\N,\N,Raymond,Sommer,8/31/06,French,http://en.wikipedia.org/wiki/Raymond_Sommer
794,chitwood,\N,\N,Joie,Chitwood,4/14/12,American,http://en.wikipedia.org/wiki/Joie_Chitwood
795,fohr,\N,\N,Myron,Fohr,6/17/12,American,http://en.wikipedia.org/wiki/Myron_Fohr
796,ader,\N,\N,Walt,Ader,12/15/13,American,http://en.wikipedia.org/wiki/Walt_Ader
797,holmes,\N,\N,Jackie,Holmes,9/4/20,American,http://en.wikipedia.org/wiki/Jackie_Holmes
798,levrett,\N,\N,Bayliss,Levrett,2/14/14,American,http://en.wikipedia.org/wiki/Bayliss_Levrett
799,jackson,\N,\N,Jimmy,Jackson,7/25/10,American,http://en.wikipedia.org/wiki/Jimmy_Jackson_(driver)
800,pagani,\N,\N,Nello,Pagani,10/11/11,Italian,http://en.wikipedia.org/wiki/Nello_Pagani
801,pozzi,\N,\N,Charles,Pozzi,8/27/09,French,http://en.wikipedia.org/wiki/Charles_Pozzi
802,serafini,\N,\N,Dorino,Serafini,7/22/09,Italian,http://en.wikipedia.org/wiki/Dorino_Serafini
803,cantrell,\N,\N,Bill,Cantrell,1/31/08,American,http://en.wikipedia.org/wiki/William_Cantrell
804,mantz,\N,\N,Johnny,Mantz,9/18/18,American,http://en.wikipedia.org/wiki/Johnny_Mantz
805,kladis,\N,\N,Danny,Kladis,2/10/17,American,http://en.wikipedia.org/wiki/Danny_Kladis
806,oscar_gonzalez,\N,\N,Oscar,Gonzalez,11/10/23,Uruguayan,http://en.wikipedia.org/wiki/Oscar_Gonz%C3%A1lez_(racing_driver)
807,hulkenberg,27,HUL,Nico,Hulkenberg,8/19/87,German,http://en.wikipedia.org/wiki/Nico_H%C3%BClkenberg
808,petrov,\N,PET,Vitaly,Petrov,9/8/84,Russian,http://en.wikipedia.org/wiki/Vitaly_Petrov
810,grassi,\N,DIG,Lucas,Di Grassi,8/11/84,Brazilian,http://en.wikipedia.org/wiki/Lucas_di_Grassi
811,bruno_senna,\N,SEN,Bruno,Senna,10/15/83,Brazilian,http://en.wikipedia.org/wiki/Bruno_Senna
812,chandhok,\N,CHA,Karun,Chandhok,1/19/84,Indian,http://en.wikipedia.org/wiki/Karun_Chandhok
813,maldonado,13,MAL,Pastor,Maldonado,3/9/85,Venezuelan,http://en.wikipedia.org/wiki/Pastor_Maldonado
814,resta,\N,DIR,Paul,Di Resta,4/16/86,British,http://en.wikipedia.org/wiki/Paul_di_Resta
815,perez,11,PER,Sergio,Perez,1/26/90,Mexican,http://en.wikipedia.org/wiki/Sergio_P%C3%A9rez
816,ambrosio,\N,DAM,Jerome,D'Ambrosio,12/27/85,Belgian,http://en.wikipedia.org/wiki/J%C3%A9r%C3%B4me_d%27Ambrosio
817,ricciardo,3,RIC,Daniel,Ricciardo,7/1/89,Australian,http://en.wikipedia.org/wiki/Daniel_Ricciardo
818,vergne,25,VER,Jean-Éric,Vergne,4/25/90,French,http://en.wikipedia.org/wiki/Jean-%C3%89ric_Vergne
819,pic,\N,PIC,Charles,Pic,2/15/90,French,http://en.wikipedia.org/wiki/Charles_Pic
820,chilton,4,CHI,Max,Chilton,4/21/91,British,http://en.wikipedia.org/wiki/Max_Chilton
821,gutierrez,21,GUT,Esteban,Gutierrez,8/5/91,Mexican,http://en.wikipedia.org/wiki/Esteban_Guti%C3%A9rrez
822,bottas,77,BOT,Valtteri,Bottas,8/28/89,Finnish,http://en.wikipedia.org/wiki/Valtteri_Bottas
823,garde,\N,VDG,Giedo,Van Der Garde,4/25/85,Dutch,http://en.wikipedia.org/wiki/Giedo_van_der_Garde
824,jules_bianchi,17,BIA,Jules,Bianchi,8/3/89,French,http://en.wikipedia.org/wiki/Jules_Bianchi
825,kevin_magnussen,20,MAG,Kevin,Magnussen,10/5/92,Danish,http://en.wikipedia.org/wiki/Kevin_Magnussen
826,kvyat,26,KVY,Daniil,Kvyat,4/26/94,Russian,http://en.wikipedia.org/wiki/Daniil_Kvyat
827,lotterer,45,LOT,Andre,Lotterer,11/19/81,German,http://en.wikipedia.org/wiki/Andr%C3%A9_Lotterer
828,ericsson,9,ERI,Marcus,Ericsson,9/2/90,Swedish,http://en.wikipedia.org/wiki/Marcus_Ericsson
829,stevens,28,STE,Will,Stevens,6/28/91,British,http://en.wikipedia.org/wiki/Will_Stevens
830,max_verstappen,33,VER,Max,Verstappen,9/30/97,Dutch,http://en.wikipedia.org/wiki/Max_Verstappen
831,nasr,12,NAS,Felipe,Nasr,8/21/92,Brazilian,http://en.wikipedia.org/wiki/Felipe_Nasr
832,sainz,55,SAI,Carlos,Sainz Jr,9/1/94,Spanish,http://en.wikipedia.org/wiki/Carlos_Sainz_Jr.
833,merhi,98,MER,Roberto,Merhi,3/22/91,Spanish,http://en.wikipedia.org/wiki/Roberto_Merhi
834,rossi,53,RSS,Alexander,Rossi,9/25/91,American,http://en.wikipedia.org/wiki/Alexander_Rossi_%28racing_driver%29
835,jolyon_palmer,30,PAL,Jolyon,Palmer,1/20/91,British,http://en.wikipedia.org/wiki/Jolyon_Palmer
836,wehrlein,94,WEH,Pascal,Wehrlein,10/18/94,German,http://en.wikipedia.org/wiki/Pascal_Wehrlein
837,haryanto,88,HAR,Rio,Haryanto,1/22/93,Indonesian,http://en.wikipedia.org/wiki/Rio_Haryanto
838,vandoorne,2,VAN,Stoffel,Vandoorne,3/26/92,Belgian,http://en.wikipedia.org/wiki/Stoffel_Vandoorne
839,ocon,31,OCO,Esteban,Ocon,9/17/96,French,http://en.wikipedia.org/wiki/Esteban_Ocon
840,stroll,18,STR,Lance,Stroll,10/29/98,Canadian,http://en.wikipedia.org/wiki/Lance_Stroll
841,giovinazzi,99,GIO,Antonio,Giovinazzi,12/14/93,Italian,http://en.wikipedia.org/wiki/Antonio_Giovinazzi
843,brendon_hartley,28,HAR,Brendon,Hartley,11/10/89,New Zealander,http://en.wikipedia.org/wiki/Brendon_Hartley
844,leclerc,16,LEC,Charles,Leclerc,10/16/97,Monegasque,http://en.wikipedia.org/wiki/Charles_Leclerc
845,sirotkin,35,SIR,Sergey,Sirotkin,8/27/95,Russian,http://en.wikipedia.org/wiki/Sergey_Sirotkin_(racing_driver)
846,norris,4,NOR,Lando,Norris,11/13/99,British,http://en.wikipedia.org/wiki/Lando_Norris
847,russell,63,RUS,George,Russell,2/15/98,British,http://en.wikipedia.org/wiki/George_Russell_(racing_driver)
848,albon,23,ALB,Alexander,Albon,3/23/96,Thai,http://en.wikipedia.org/wiki/Alexander_Albon
849,latifi,6,LAT,Nicholas,Latifi,6/29/95,Canadian,http://en.wikipedia.org/wiki/Nicholas_Latifi
850,pietro_fittipaldi,51,FIT,Pietro,Fittipaldi,6/25/96,Brazilian,http://en.wikipedia.org/wiki/Pietro_Fittipaldi
851,aitken,89,AIT,Jack,Aitken,9/23/95,British,http://en.wikipedia.org/wiki/Jack_Aitken
852,tsunoda,22,TSU,Yuki,Tsunoda,5/11/00,Japanese,http://en.wikipedia.org/wiki/Yuki_Tsunoda
853,mazepin,9,MAZ,Nikita,Mazepin,3/2/99,Russian,http://en.wikipedia.org/wiki/Nikita_Mazepin
854,mick_schumacher,47,MSC,Mick,Schumacher,3/22/99,German,http://en.wikipedia.org/wiki/Mick_Schumacher
855,zhou,24,ZHO,Guanyu,Zhou,5/30/99,Chinese,http://en.wikipedia.org/wiki/Zhou_Guanyu
856,de_vries,21,DEV,Nyck,de Vries,2/6/95,Dutch,http://en.wikipedia.org/wiki/Nyck_de_Vries
857,piastri,81,PIA,Oscar,Piastri,4/6/01,Australian,http://en.wikipedia.org/wiki/Oscar_Piastri
858,sargeant,2,SAR,Logan,Sargeant,12/31/00,American,http://en.wikipedia.org/wiki/Logan_Sargeant